Workbook

Sheet Sheet1
A1: CROP IDENTIFICATION | D1: NUTRITIONAL DATA (per 100 g) | AB1: ECOCROP DATABASE — ALL FIELDS | CI1: PLANT MORPHOLOGY (USDA PLANTS Database) | CN1: YIELD POTENTIAL (FAOSTAT / FAO / USDA) | CR1: FARM LABOUR — MECHANISED / COMMERCIAL SYSTEM (hours / ha) | DA1: FARM LABOUR — MANUAL / SMALLHOLDER SYSTEM (hours / ha) | DJ1: LABOUR DATA SOURCE | DK1: FOOD GROUP & SERVING SIZE (Australian Dietary Guidelines 2013) | DN1: HARVEST CALENDAR (Australian Growing Conditions — Southern Hemisphere) | EB1: STORAGE & PRESERVATION (USDA / NSW DPI / FAO / Hort Innovation)
A2: Crop Name | B2: Edible Part | C2: AFCD Food Entry Used | D2: Calories (kcal) | E2: Protein (g) | F2: Fat (g) | G2: Carbohydrate (g) | H2: Fiber (g) | I2: Ca (mg) | J2: Fe (mg) | K2: Mg (mg) | L2: P (mg) | M2: K (mg) | N2: Na (mg) | O2: Zn (mg) | P2: Cu (mg) | Q2: Mn (mg) | R2: Se (µg) | S2: VitA (µg RE) | T2: VitE (mg) | U2: VitC (mg) | V2: B1 (mg) | W2: B2 (mg) | X2: B3 (mg) | Y2: B6 (mg) | Z2: B12 (µg) | AA2: B9/Folate (µg) | AB2: EcoPortCode | AC2: ScientificName | AD2: AUTH | AE2: FAMNAME | AF2: SYNO | AG2: COM | AH2: COMNAME | AI2: SUIT | AJ2: LIFO | AK2: HABI | AL2: LISPA | AM2: SEASON | AN2: PHYS | AO2: CAT | AP2: CAT2 | AQ2: PLAT | AR2: TOPMN | AS2: TOPMX | AT2: TMIN | AU2: TMAX | AV2: ROPMN | AW2: ROPMX | AX2: RMIN | AY2: RMAX | AZ2: PHOPMN | BA2: PHOPMX | BB2: PHMIN | BC2: PHMAX | BD2: LATOPMN | BE2: LATOPMX | BF2: LATMN | BG2: LATMX | BH2: ALTMX | BI2: LIOPMN | BJ2: LIOPMX | BK2: LIMN | BL2: LIMX | BM2: DEP | BN2: DEPR | BO2: TEXT | BP2: TEXTR | BQ2: FER | BR2: FERR | BS2: TOX | BT2: TOXR | BU2: SAL | BV2: SALR | BW2: DRA | BX2: DRAR | BY2: KTMPR | BZ2: KTMP | CA2: PHOTO | CB2: CLIZ | CC2: ABITOL | CD2: ABISUS | CE2: INTRI | CF2: PROSY | CG2: GMIN | CH2: GMAX | CI2: Height Min (m) | CJ2: Height Max (m) | CK2: Width/Spread Min (m) | CL2: Width/Spread Max (m) | CM2: Morphology Notes | CN2: Yield Low (t/ha) | CO2: Yield High (t/ha) | CP2: Yield Notes | CQ2: Yield Source | CR2: Mech Land Prep (h/ha) | CS2: Mech Sow/Plant (h/ha) | CT2: Mech Weed (h/ha) | CU2: Mech Fertilise (h/ha) | CV2: Mech Pest/Disease (h/ha) | CW2: Mech Prune/Train (h/ha) | CX2: Mech Irrigate (h/ha) | CY2: Mech Harvest (h/ha) | CZ2: Mech Post-Harvest (h/ha) | DA2: Hand Land Prep (h/ha) | DB2: Hand Sow/Plant (h/ha) | DC2: Hand Weed (h/ha) | DD2: Hand Fertilise (h/ha) | DE2: Hand Pest/Disease (h/ha) | DF2: Hand Prune/Train (h/ha) | DG2: Hand Irrigate (h/ha) | DH2: Hand Harvest (h/ha) | DI2: Hand Post-Harvest (h/ha) | DJ2: Labour Data Source | DK2: ADG Food Group | DL2: ADG Serve Size (g) | DM2: ADG Serve Notes | DN2: Jan | DO2: Feb | DP2: Mar | DQ2: Apr | DR2: May | DS2: Jun | DT2: Jul | DU2: Aug | DV2: Sep | DW2: Oct | DX2: Nov | DY2: Dec | DZ2: Australian Region / Season Notes | P = Peak harvest S = Shoulder season | EA2: Northern Hemisphere Equivalent | EB2: Storability Class | EC2: Primary Storage Method | ED2: Storage Duration (months) | EE2: Processing Labour (h/100kg) | EF2: Cool Storage Only (no processing)
A3: Brazil Nut | B3: Nut | C3: Nut, brazil, raw or blanched, unsalted | D3: 689.8 | E3: 14.4 | F3: 68.5 | G3: 2.4 | H3: 8.5 | I3: 150 | J3: 2.2 | K3: 350 | L3: 660 | M3: 560 | N3: 2 | O3: 4.1 | P3: 2 | Q3: 0.84 | R3: 1917 | S3: 2 | T3: 5.3 | U3: 0 | V3: 0.6 | W3: 0.43 | X3: 0.6 | Y3: 0.27 | Z3: 0 | AA3: 22 | AB3: 3699 | AC3: Bertholletia excelsa | AD3: Humb. & Bonpl. | AE3: Magnoliopsida:Dilleniidae:Lecythidales:Lecythidaceae | AF3: Bertholletia nobilis Miers, Bertholletia myrtaceae | AG3: Brazil nut | AH3: Brazil nut, para nut, noyer du Brésil, la noix du Brésil, el coquito del Brasil, castanha do Para, castanha do Brasil, castanheiro do para, die paranüsse, la noce del Brasile | AI3: poorly suited | AJ3: tree | AK3: erect | AL3: perennial | AN3: semi evergreen, deciduous, single stem | AO3: fruits & nuts, forest/wood | AP3: nuts | AQ3: grown on small scale | AR3: 20 | AS3: 36 | AT3: 12 | AU3: 40 | AV3: 2400 | AW3: 2800 | AX3: 1400 | AY3: 3500 | AZ3: 5.5 | BA3: 7 | BB3: 4.5 | BC3: 8 | BF3: 10 | BG3: 10 | BH3: 200 | BI3: clear skies | BJ3: cloudy skies | BK3: clear skies | BL3: light shade | BM3: deep (>>150 cm) | BN3: medium (50-150 cm) | BO3: heavy, medium | BP3: heavy, medium | BQ3: high | BR3: moderate | BU3: low (<4 dS/m) | BV3: low (<4 dS/m) | BW3: well (dry spells) | BX3: well (dry spells) | CA3: short day (<12 hours), neutral day (12-14 hours), long day (>14 hours) | CB3: tropical wet & dry (Aw), tropical wet (Ar) | CF3: small scale (manual) | CG3: 365 | CH3: 365 | CI3: 30 | CJ3: 50 | CK3: 15 | CL3: 30 | CM3: Very large rainforest tree | CN3: 0.1 | CO3: 0.5 | CP3: Wild harvest from forest; very low intensity | CQ3: FAO; FAOSTAT | CR3: 0 | CS3: 0 | CT3: 3 | CU3: 2 | CV3: 2 | CW3: 0 | CX3: 0 | CY3: 20 | CZ3: 15 | DA3: 0 | DB3: 0 | DC3: 20 | DD3: 10 | DE3: 10 | DF3: 0 | DG3: 0 | DH3: 400 | DI3: 250 | DJ3: LIT Amazon — almost entirely wild harvest; pod collection | DK3: Lean Meats, Eggs, Nuts, Seeds & Legumes | DL3: 30 | DM3: 30g Brazil nuts (~3 nuts); occasional substitute | DN3: P | DO3: P | DP3: S | DX3: S | DY3: P | DZ3: Very limited FNQ tropical — pods fall Nov–Mar | EA3: NH: Jan–Mar (Amazon Basin — wild harvest) | EB3: Medium Storage | EC3: In-shell: cool/dry; shelled: refrigerate | ED3: 3–12 months | EE3: 2 | EF3: 1–6 months
A4: Chickpea | B4: Seed | C4: Chickpea, dried | D4: 328.2 | E4: 19.7 | F4: 5.5 | G4: 38.5 | H4: 20.8 | I4: 159 | J4: 4.6 | K4: 134 | L4: 296 | M4: 396 | N4: 11 | O4: 3.1 | P4: 0.877 | Q4: 2.151 | R4: 68 | S4: 11 | T4: 1.73 | U4: 3 | V4: 0.57 | W4: 0.02 | X4: 1.3 | Y4: 2.6 | Z4: 0 | AA4: 178 | AB4: 2479 | AC4: Cicer arietinum | AD4: L. | AE4: Magnoliopsida:Rosidae:Fabales:Leguminosae | AG4: chickpea | AH4: chickpea, Bengal gram, pois chiche, cafe francais, gravancos, sigro, hanaz, djelbane | AI4: suitable | AJ4: herb | AK4: erect | AL4: annual | AM4: COOL | AO4: pulses (grain legumes) | AP4: pulses (grain legumes) | AQ4: grown on large scale, grown on small scale | AR4: 15 | AS4: 29 | AT4: 7 | AU4: 35 | AV4: 600 | AW4: 1000 | AX4: 300 | AY4: 1800 | AZ4: 6 | BA4: 8.5 | BB4: 4.7 | BC4: 9.5 | BF4: 30 | BG4: 50 | BH4: 2300 | BI4: very bright | BJ4: very bright | BK4: very bright | BL4: clear skies | BM4: medium (50-150 cm) | BN4: shallow (20-50 cm) | BO4: heavy, medium | BP4: heavy, medium, light | BQ4: moderate | BR4: low | BU4: low (<4 dS/m) | BV4: medium (4-10 dS/m) | BW4: well (dry spells) | BX4: well (dry spells), excessive (dry/moderately dry) | BY4: -9 | BZ4: 0 | CA4: short day (<12 hours), neutral day (12-14 hours) | CB4: tropical wet & dry (Aw), tropical wet (Ar), desert or arid (Bw), steppe or semiarid (Bs), subtropical humid (Cf), subtropical dry summer (Cs), subtropical dry winter (Cw), temperate oceanic (Do), temperate continental (Dc), temperate with humid winters (Df), temperate with dry winters (Dw) | CG4: 90 | CH4: 180 | CI4: 0.2 | CJ4: 0.8 | CK4: 0.2 | CL4: 0.5 | CM4: Annual herb | CN4: 0.5 | CO4: 4 | CP4: Dry seed; Low: dryland; High: irrigated India/Australia | CQ4: FAOSTAT QCL | CR4: 3 | CS4: 2 | CT4: 4 | CU4: 1 | CV4: 2 | CW4: 0 | CX4: 2 | CY4: 4 | CZ4: 3 | DA4: 120 | DB4: 50 | DC4: 150 | DD4: 15 | DE4: 20 | DF4: 0 | DG4: 20 | DH4: 250 | DI4: 60 | DJ4: EXT Australia NSWDPI; FAO; LIT (Gezira) | DK4: Lean Meats, Eggs, Nuts, Seeds & Legumes | DL4: 150 | DM4: 1 cup cooked chickpeas (150g) | DV4: S | DW4: P | DX4: P | DY4: S | DZ4: QLD (winter dryland crop) — planted May, harvested Sep–Nov | EA4: NH: May–Jul (India, Pakistan) | EB4: Long Storage | EC4: Dry seed — cool/dry/dark, airtight | ED4: 12–36 months | EE4: 1 | EF4: 1–3 years
A5: Hemp Seed | B5: Seed | C5: Seed, hemp, dried | D5: 586 | E5: 29.8 | F5: 50.6 | G5: 2.5 | H5: 4.2 | I5: 90 | J5: 12.5 | K5: 650 | L5: 1520 | M5: 1060 | N5: 0 | O5: 9.4 | P5: 1.51 | Q5: 8.2 | R5: 36 | S5: 2 | T5: 1.26 | U5: 0 | V5: 1.6 | W5: 0.23 | X5: 3.6 | Y5: 0.57 | Z5: 0 | AA5: 150 | CI5: 1 | CJ5: 5 | CK5: 0.3 | CL5: 0.8 | CM5: Annual herb; fiber/seed type | CN5: 0.5 | CO5: 2 | CP5: Seed yield only; fiber types much lower seed yield | CQ5: FAOSTAT QCL; Est. | CR5: 3 | CS5: 1 | CT5: 3 | CU5: 1 | CV5: 1 | CW5: 0 | CX5: 1 | CY5: 4 | CZ5: 5 | DA5: 110 | DB5: 45 | DC5: 100 | DD5: 15 | DE5: 10 | DF5: 0 | DG5: 10 | DH5: 180 | DI5: 100 | DJ5: EXT; LIT | DK5: Lean Meats, Eggs, Nuts, Seeds & Legumes | DL5: 30 | DM5: 30g hemp seeds (~3 tbsp); occasional substitute | DO5: S | DP5: P | DQ5: P | DR5: S | DZ5: QLD, NSW, VIC (emerging) — warm-season; Feb–Apr harvest | EA5: NH: Aug–Sep (Canada, Europe) | EB5: Medium Storage | EC5: Cool/dark, airtight — refrigerate hulled | ED5: 3–12 months | EE5: 1 | EF5: 0.2–1 years
A6: Cashew | B6: Nut | C6: Nut, cashew, raw, unsalted | D6: 607.1 | E6: 17 | F6: 49.2 | G6: 22.9 | H6: 5.9 | I6: 34 | J6: 5 | K6: 250 | L6: 530 | M6: 550 | N6: 11 | O6: 5.5 | P6: 1.9 | Q6: 1.4 | R6: 33 | S6: 1 | T6: 0.73 | U6: 0 | V6: 0.64 | W6: 0.19 | X6: 1.8 | Y6: 0.35 | Z6: 0 | AA6: 25 | AB6: 401 | AC6: Anacardium occidentale | AD6: L. | AE6: Magnoliopsida:Rosidae:Sapindales:Anacardiaceae | AG6: mamuang himmaphan | AH6: mamuang himmaphan, yaruang, mamuang letlor, cashew, cashew nut, acajou á pomme, noix d'acajou, marañon, casho, cashu, cajou, anacardier, caju, acajú, kasjoe, mereke, kaju, apu initia, kesiu, cashewnuss, cashewbaum, jambu mortyet, jambu mede, gajus, jambu monyet, kasoy, balubad, balogo, thiho thayet si, svaay chantii, dao lon hot, cay dieu, nut-cashew | AI6: suitable | AJ6: shrub, tree | AK6: erect | AL6: perennial | AN6: evergreen, single stem, multi stem, C3 photosynthesis | AO6: fruits & nuts, medicinals & aromatic | AP6: nuts | AQ6: grown on large scale | AR6: 15 | AS6: 35 | AT6: 5 | AU6: 46 | AV6: 750 | AW6: 1600 | AX6: 400 | AY6: 4000 | AZ6: 4.5 | BA6: 6.5 | BB6: 3.8 | BC6: 8.7 | BF6: 25 | BG6: 30 | BH6: 1200 | BI6: very bright | BJ6: very bright | BK6: very bright | BL6: clear skies | BM6: deep (>>150 cm) | BN6: medium (50-150 cm) | BO6: medium, light | BP6: heavy, medium, light | BQ6: moderate | BR6: low | BU6: low (<4 dS/m) | BV6: low (<4 dS/m) | BW6: well (dry spells) | BX6: well (dry spells), excessive (dry/moderately dry) | CA6: short day (<12 hours), neutral day (12-14 hours), long day (>14 hours) | CB6: tropical wet & dry (Aw), steppe or semiarid (Bs), subtropical dry summer (Cs), subtropical dry winter (Cw) | CG6: 190 | CH6: 260 | CI6: 5 | CJ6: 12 | CK6: 5 | CL6: 10 | CM6: Tree | CN6: 0.3 | CO6: 2.5 | CP6: Nut in shell; Low: Africa/India; High: Vietnam intensive | CQ6: FAOSTAT QCL | CR6: 0 | CS6: 0 | CT6: 6 | CU6: 4 | CV6: 5 | CW6: 5 | CX6: 3 | CY6: 20 | CZ6: 15 | DA6: 0 | DB6: 0 | DC6: 50 | DD6: 25 | DE6: 35 | DF6: 40 | DG6: 20 | DH6: 400 | DI6: 300 | DJ6: FAO India/Vietnam; LIT — shelling very labour intensive | DK6: Lean Meats, Eggs, Nuts, Seeds & Legumes | DL6: 30 | DM6: 30g cashews (~18 cashews); occasional substitute | DV6: S | DW6: P | DX6: P | DY6: S | DZ6: FNQ tropical — limited production; spring–early summer | EA6: NH: Mar–Jun (India, Vietnam, Ivory Coast) | EB6: Long Storage | EC6: Dry, airtight — cool/dark | ED6: 6–12 months | EE6: 8 | EF6: 3–6 months
A7: Wattle Seed (Native) | B7: Seed | C7: Wattle seed (acacia), ground | D7: 282.7 | E7: 20.3 | F7: 6.1 | G7: 10.5 | H7: 54.2 | I7: 419 | J7: 6 | K7: 243 | L7: 70 | M7: 974 | N7: 102 | O7: 0.4 | P7: 0 | Q7: 1.7 | R7: 31.7 | S7: 0 | T7: 4.65 | U7: 0 | V7: 0.04 | W7: 0 | X7: 14.5 | Y7: 0.9 | Z7: 0 | AA7: 40 | CI7: 3 | CJ7: 8 | CK7: 2 | CL7: 6 | CM7: Shrub/small tree; Acacia | CN7: 0.1 | CO7: 0.5 | CP7: Wild harvest; emerging small-scale production; Australia | CQ7: Aust. Govt | CR7: 0 | CS7: 0 | CT7: 3 | CU7: 2 | CV7: 2 | CW7: 3 | CX7: 2 | CY7: 10 | CZ7: 10 | DA7: 0 | DB7: 0 | DC7: 20 | DD7: 10 | DE7: 10 | DF7: 20 | DG7: 15 | DH7: 200 | DI7: 150 | DJ7: Aust. Govt bush food; LIT — emerging; mainly wild | DK7: Lean Meats, Eggs, Nuts, Seeds & Legumes | DL7: 30 | DM7: 30g wattle seed powder; used as a flour/seed | DN7: S | DV7: S | DW7: P | DX7: P | DY7: P | DZ7: Arid SA/WA — harvested when pods dry and split; spring–summer | EA7: Australian endemic | EB7: Long Storage | EC7: Dry seed — cool/dark, airtight | ED7: 12–36 months | EE7: 3 | EF7: 1–3 years
A8: Amaranth (Grain) | B8: Grain | C8: Amaranth, grain, whole, uncooked | D8: 365 | E8: 15.2 | F8: 6.4 | G8: 55.6 | H8: 11.1 | I8: 147 | J8: 7 | K8: 237 | L8: 405 | M8: 508 | N8: 2 | O8: 2.7 | R8: 28 | S8: 0 | T8: 1 | U8: 4 | V8: 0.09 | W8: 0.04 | X8: 0 | Y8: 0.5 | Z8: 0 | AA8: 82 | AB8: 2187 | AC8: Amaranthus caudatus | AD8: L. | AE8: Magnoliopsida:Caryophyllidae:Caryophyllales:Amaranthaceae | AF8: Amaranthus cruentus L., Amaranthus dubius Thell., Amaranthus tricolor L., Amaranthus lividus L., Amaranthus viridus L., Amaranthus sanguineus L. | AG8: amaranths | AH8: amaranths, xian, lishalisho, ferenjitef, iyaso (Galinya), jolili (Galinya), gagabsa (Wollamo) | AI8: suitable | AJ8: herb | AK8: erect | AL8: annual | AM8: WARM | AN8: C4 photosynthesis | AO8: cereals & pseudocereals, forage/pasture, vegetables, ornamentals/turf, medicinals & aromatic | AP8: cereals & pseudocereals | AQ8: grown on small scale | AR8: 21 | AS8: 28 | AT8: 7 | AU8: 40 | AV8: 800 | AW8: 2300 | AX8: 250 | AY8: 4200 | AZ8: 5.5 | BA8: 7.5 | BB8: 4.3 | BC8: 8.5 | BF8: 40 | BG8: 40 | BH8: 3600 | BI8: very bright | BJ8: very bright | BK8: very bright | BL8: cloudy skies | BM8: medium (50-150 cm) | BN8: shallow (20-50 cm) | BO8: light, organic | BP8: heavy, medium, light | BQ8: moderate | BR8: low | BS8: none (<5% of CEC) | BT8: low (6-15% of CEC) | BU8: low (<4 dS/m) | BV8: medium (4-10 dS/m) | BW8: well (dry spells) | BX8: well (dry spells), excessive (dry/moderately dry) | BY8: 4 | BZ8: 0 | CA8: short day (<12 hours), neutral day (12-14 hours), long day (>14 hours) | CB8: tropical wet & dry (Aw), desert or arid (Bw), steppe or semiarid (Bs), subtropical humid (Cf), subtropical dry summer (Cs), subtropical dry winter (Cw) | CG8: 30 | CH8: 300 | CI8: 1 | CJ8: 3 | CK8: 0.3 | CL8: 0.6 | CM8: Annual grain; grain amaranth | CN8: 0.5 | CO8: 3 | CP8: Grain yield; Andean to commercial US | CQ8: FAO; USDA | CR8: 3 | CS8: 2 | CT8: 5 | CU8: 2 | CV8: 1 | CW8: 0 | CX8: 2 | CY8: 5 | CZ8: 5 | DA8: 110 | DB8: 60 | DC8: 200 | DD8: 20 | DE8: 10 | DF8: 0 | DG8: 20 | DH8: 250 | DI8: 100 | DJ8: EXT US; LIT | DK8: Grain (Cereal) Foods | DL8: 100 | DM8: ½ cup cooked amaranth (~100g) | DO8: S | DP8: P | DQ8: P | DR8: S | DZ8: Warm-season grain; QLD/NSW — autumn harvest | EA8: NH: Sep–Oct (Mexico, Peru) | EB8: Long Storage | EC8: Dry grain — cool/dry/dark, airtight | ED8: 12–24 months | EE8: 1 | EF8: 1–2 years
A9: Triticale | B9: Grain | C9: Triticale, grain, uncooked | D9: 325.3 | E9: 9.6 | F9: 2.4 | G9: 58.3 | H9: 14.4 | I9: 27 | J9: 3.55 | K9: 114 | L9: 245 | M9: 332 | N9: 5 | O9: 2.05 | R9: 26 | S9: 0 | T9: 1.15 | U9: 0 | V9: 0.355 | W9: 0.03 | X9: 1.7 | Y9: 0.2 | Z9: 0 | AA9: 73 | CI9: 0.8 | CJ9: 1.8 | CK9: 0.1 | CL9: 0.2 | CM9: Annual grass; wheat-rye hybrid | CN9: 2 | CO9: 8 | CP9: Hybrid wheat-rye; EU commercial | CQ9: FAOSTAT QCL | CR9: 3 | CS9: 1 | CT9: 1 | CU9: 1 | CV9: 1 | CW9: 0 | CX9: 0 | CY9: 2 | CZ9: 1 | DA9: 120 | DB9: 40 | DC9: 70 | DD9: 15 | DE9: 10 | DF9: 0 | DG9: 0 | DH9: 200 | DI9: 30 | DJ9: EXT; LIT | DK9: Grain (Cereal) Foods | DL9: 100 | DM9: ½ cup cooked triticale (~100g) | DN9: S | DW9: S | DX9: P | DY9: P | DZ9: SA, WA, VIC — spring harvest similar to wheat | EA9: NH: Jul–Aug (Europe) | EB9: Long Storage | EC9: Dry grain — cool/dry/dark, airtight | ED9: 12–36 months | EE9: 1 | EF9: 1–3 years
A10: Sesame Seed | B10: Seed | C10: Seed, sesame, unsalted | D10: 626.2 | E10: 22.2 | F10: 55.6 | G10: 6.2 | H10: 10.1 | I10: 62 | J10: 5.2 | K10: 340 | L10: 730 | M10: 170 | N10: 24 | O10: 5.5 | P10: 1.7 | Q10: 1.1 | R10: 22 | S10: 1 | T10: 1.68 | U10: 0 | V10: 0.99 | W10: 0.18 | X10: 5.1 | Y10: 0.25 | Z10: 0 | AA10: 115 | CI10: 0.5 | CJ10: 1.5 | CK10: 0.2 | CL10: 0.4 | CM10: Annual herb | CN10: 0.2 | CO10: 1.5 | CP10: Low: subsistence Africa; High: intensive India/Myanmar | CQ10: FAOSTAT QCL | CR10: 4 | CS10: 3 | CT10: 8 | CU10: 2 | CV10: 2 | CW10: 0 | CX10: 2 | CY10: 10 | CZ10: 8 | DA10: 130 | DB10: 70 | DC10: 280 | DD10: 20 | DE10: 20 | DF10: 0 | DG10: 20 | DH10: 350 | DI10: 150 | DJ10: FAO Asia/Africa; LIT — capsule shattering makes hand harvest tricky | DK10: Lean Meats, Eggs, Nuts, Seeds & Legumes | DL10: 30 | DM10: 30g sesame seeds or 2 tbsp tahini; occasional substitute | DP10: S | DQ10: P | DR10: P | DS10: S | DZ10: Tropical QLD/NT — warm-season; planted wet season, harvested dry season | EA10: NH: Oct–Nov (India, Myanmar, Sudan) | EB10: Long Storage | EC10: Dry seed — cool/dark, airtight | ED10: 12–36 months | EE10: 2 | EF10: 1–3 years
A11: Linseed / Flaxseed | B11: Seed | C11: Seed, linseed or flaxseed | D11: 450 | E11: 21.6 | F11: 32.6 | G11: 2.8 | H11: 32.9 | I11: 180 | J11: 5.5 | K11: 330 | L11: 490 | M11: 630 | N11: 60 | O11: 3.5 | P11: 0.86 | Q11: 3.1 | R11: 22 | S11: 0 | T11: 1.48 | U11: 0 | V11: 0.34 | W11: 0.03 | X11: 1.8 | Y11: 0.06 | Z11: 0 | AA11: 41 | CI11: 0.3 | CJ11: 1.2 | CK11: 0.1 | CL11: 0.3 | CM11: Annual herb | CN11: 0.5 | CO11: 2.5 | CP11: Seed yield; Canada/Russia dominant producers | CQ11: FAOSTAT QCL | CR11: 3 | CS11: 1 | CT11: 2 | CU11: 1 | CV11: 1 | CW11: 0 | CX11: 1 | CY11: 3 | CZ11: 2 | DA11: 110 | DB11: 40 | DC11: 80 | DD11: 15 | DE11: 10 | DF11: 0 | DG11: 10 | DH11: 180 | DI11: 40 | DJ11: EXT Canada; AHDB | DK11: Lean Meats, Eggs, Nuts, Seeds & Legumes | DL11: 30 | DM11: 30g linseeds (~2 tbsp); occasional substitute | DN11: S | DW11: S | DX11: P | DY11: P | DZ11: SA, VIC, WA — winter crop; harvested Oct–Dec | EA11: NH: Jul–Aug (Canada, Russia) | EB11: Long Storage | EC11: Dry seed — cool/dark, airtight; refrigerate ground | ED11: 12–24 months | EE11: 1 | EF11: 1–2 years
A12: Mushroom | B12: Fruiting Body | C12: Mushroom, common, fresh, raw | D12: 27.2 | E12: 2.2 | F12: 0.8 | G12: 0.8 | H12: 1.4 | I12: 2 | J12: 0.34 | K12: 10 | L12: 102 | M12: 385 | N12: 7 | O12: 0.3 | P12: 0.325 | Q12: 0.064 | R12: 17.5 | S12: 0 | T12: 0 | U12: 0 | V12: 0.06 | W12: 0 | X12: 3.55 | Y12: 0.01 | Z12: 0 | AA12: 30 | CI12: 0.05 | CJ12: 0.15 | CK12: 0.05 | CL12: 0.2 | CM12: Fruiting body size | CN12: 10 | CO12: 30 | CP12: Per m² basis converted; substrate yield ~25 kg/100 kg substrate | CQ12: FAO; USDA | CR12: 5 | CS12: 10 | CT12: 0 | CU12: 5 | CV12: 5 | CW12: 0 | CX12: 5 | CY12: 30 | CZ12: 15 | DA12: 50 | DB12: 100 | DC12: 0 | DD12: 50 | DE12: 40 | DF12: 0 | DG12: 40 | DH12: 400 | DI12: 200 | DJ12: ERS; EXT Pennsylvania; LIT — substrate prep, spawning, picking | DK12: Vegetables & Legumes | DL12: 75 | DM12: ½ cup cooked mushrooms | DN12: P | DO12: P | DP12: P | DQ12: P | DR12: P | DS12: P | DT12: P | DU12: P | DV12: P | DW12: P | DX12: P | DY12: P | DZ12: Year-round: grown in climate-controlled sheds; Australia-wide | EA12: Year-round globally (indoor cultivation) | EB12: Short Storage | EC12: Refrigerate; dry or pickle | ED12: 0 wks – 12 mo | EE12: 4 | EF12: 5–10 days
A13: Barley (Pearl) | B13: Grain | C13: Barley, pearl, uncooked | D13: 340.3 | E13: 9.9 | F13: 3.1 | G13: 60.6 | H13: 13.1 | I13: 28 | J13: 2.2 | K13: 95 | L13: 192 | M13: 350 | N13: 10 | O13: 1.2 | P13: 0.4 | Q13: 1.1 | R13: 17 | S13: 0 | T13: 0.7 | U13: 0 | V13: 0.17 | W13: 0.02 | X13: 6.6 | Y13: 0.2 | Z13: 0 | AA13: 23 | AB13: 1232 | AC13: Hordeum vulgare | AD13: L. | AE13: Liliopsida:Commelinidae:Cyperales:Gramineae | AF13: See Notes | AG13: barley | AH13: barley, cebada, orge, damai, cevada, gebs, Gerste | AI13: suitable | AJ13: grass | AK13: erect | AL13: annual | AM13: COOL | AO13: cereals & pseudocereals, medicinals & aromatic | AP13: cereals & pseudocereals | AQ13: grown on large scale | AR13: 15 | AS13: 20 | AT13: 2 | AU13: 40 | AV13: 500 | AW13: 1000 | AX13: 200 | AY13: 2000 | AZ13: 6.5 | BA13: 7.5 | BB13: 6 | BC13: 8 | BD13: 30 | BF13: 55 | BG13: 70 | BH13: 4400 | BI13: very bright | BJ13: very bright | BK13: very bright | BL13: cloudy skies | BM13: deep (>>150 cm) | BN13: medium (50-150 cm) | BO13: medium | BP13: heavy, medium, light | BQ13: moderate | BR13: low | BU13: low (<4 dS/m) | BV13: high (>10 dS/m)) | BW13: well (dry spells) | BX13: well (dry spells) | BY13: -4 | BZ13: 0 | CA13: neutral day (12-14 hours), long day (>14 hours) | CB13: tropical wet & dry (Aw), tropical wet (Ar), desert or arid (Bw), steppe or semiarid (Bs), subtropical humid (Cf), subtropical dry summer (Cs), subtropical dry winter (Cw), temperate oceanic (Do), temperate continental (Dc), temperate with humid winters (Df), temperate with dry winters (Dw) | CC13: drought | CD13: fire | CF13: large scale/commercial | CG13: 90 | CH13: 240 | CI13: 0.6 | CJ13: 1.2 | CK13: 0.1 | CL13: 0.2 | CM13: Annual grass; grain | CN13: 1.5 | CO13: 8 | CP13: Low: dryland; High: EU irrigated commercial; UK avg ~5 t/ha | CQ13: FAOSTAT QCL; HDC | CR13: 3 | CS13: 1 | CT13: 1 | CU13: 1 | CV13: 1 | CW13: 0 | CX13: 0 | CY13: 2 | CZ13: 1 | DA13: 120 | DB13: 40 | DC13: 80 | DD13: 15 | DE13: 10 | DF13: 0 | DG13: 0 | DH13: 200 | DI13: 30 | DJ13: AHDB cereals guide; ERS; LIT | DK13: Grain (Cereal) Foods | DL13: 100 | DM13: ½ cup cooked pearl barley (~100g) | DN13: S | DW13: S | DX13: P | DY13: P | DZ13: SA, WA, VIC — winter barley harvested Oct–Dec | EA13: NH: Jun–Aug | EB13: Long Storage | EC13: Dry grain — cool/dry/dark, airtight | ED13: 12–36 months | EE13: 1 | EF13: 1–3 years
A14: Lentil (Green) | B14: Seed | C14: Lentil, green, hulled, dry | D14: 317.9 | E14: 25.3 | F14: 1.7 | G14: 40.9 | H14: 14.6 | I14: 56 | J14: 5.6 | K14: 95 | L14: 286 | M14: 670 | N14: 13 | O14: 1.6 | R14: 16 | S14: 4 | T14: 0.7 | U14: 4 | V14: 0.22 | W14: 0.01 | X14: 1.6 | Y14: 0.4 | Z14: 0 | AA14: 80 | AB14: 7209 | AC14: Lens culinaris | AD14: Medikus | AE14: Magnoliopsida:Rosidae:Fabales:Leguminosae | AF14: Ervum lens L., Lens esculenta | AG14: lentil | AH14: lentil, red dhal, split pea, lentille, lenteja, lenticchia, adas, mercimek, messer, masser, heramame, shimfa, missr, linse | AI14: suitable | AJ14: herb | AK14: erect | AL14: annual | AM14: COOL | AN14: multi stem, C3 photosynthesis | AO14: pulses (grain legumes), medicinals & aromatic | AP14: pulses (grain legumes) | AQ14: grown on large scale | AR14: 15 | AS14: 29 | AT14: 5 | AU14: 32 | AV14: 600 | AW14: 1000 | AX14: 250 | AY14: 2500 | AZ14: 5.5 | BA14: 7.5 | BB14: 4.5 | BC14: 8.2 | BD14: 30 | BE14: 10 | BF14: 45 | BG14: 55 | BH14: 3800 | BI14: very bright | BJ14: very bright | BK14: very bright | BL14: cloudy skies | BM14: medium (50-150 cm) | BN14: shallow (20-50 cm) | BO14: heavy, medium | BP14: heavy, medium, light | BQ14: moderate | BR14: low | BU14: low (<4 dS/m) | BV14: medium (4-10 dS/m) | BW14: well (dry spells) | BX14: well (dry spells), excessive (dry/moderately dry) | CA14: neutral day (12-14 hours), long day (>14 hours) | CB14: tropical wet & dry (Aw), tropical wet (Ar), desert or arid (Bw), steppe or semiarid (Bs), subtropical humid (Cf), subtropical dry summer (Cs), subtropical dry winter (Cw), temperate oceanic (Do), temperate continental (Dc), temperate with humid winters (Df), temperate with dry winters (Dw) | CG14: 70 | CH14: 240 | CI14: 0.2 | CJ14: 0.8 | CK14: 0.2 | CL14: 0.4 | CM14: Annual herb | CN14: 0.5 | CO14: 3.5 | CP14: Dry seed; Low: dryland Canada/Turkey; High: irrigated | CQ14: FAOSTAT QCL | CR14: 3 | CS14: 2 | CT14: 4 | CU14: 1 | CV14: 2 | CW14: 0 | CX14: 1 | CY14: 4 | CZ14: 3 | DA14: 110 | DB14: 50 | DC14: 150 | DD14: 10 | DE14: 15 | DF14: 0 | DG14: 10 | DH14: 250 | DI14: 60 | DJ14: EXT Canada; NSWDPI; LIT | DK14: Lean Meats, Eggs, Nuts, Seeds & Legumes | DL14: 150 | DM14: 1 cup cooked green lentils (150g) | DV14: S | DW14: P | DX14: P | DY14: S | DZ14: NSW, SA, WA — cool-season dryland; planted May, harvested Sep–Nov | EA14: NH: Jun–Aug (Canada, Turkey, India) | EB14: Long Storage | EC14: Dry seed — cool/dry/dark, airtight | ED14: 12–36 months | EE14: 1 | EF14: 1–3 years
A15: Wheat (Whole) | B15: Grain | C15: Wheat, whole, uncooked | D15: 325.5 | E15: 11.2 | F15: 2.4 | G15: 58.3 | H15: 11.4 | I15: 35 | J15: 3.43 | K15: 120 | L15: 302 | M15: 315 | N15: 2 | O15: 2 | R15: 15.6 | S15: 0 | T15: 0.93 | U15: 0 | V15: 0.456 | W15: 0.1 | X15: 4.18 | Y15: 0.2 | Z15: 0 | AA15: 47 | AB15: 2114 | AC15: Triticum aestivum | AD15: L. | AE15: Liliopsida:Commelinidae:Cyperales:Gramineae | AF15: Triticum hybernum L., Sp. Pl. 86 (1753), Triticum sativum Lam., Fl. Franç. 3: 625 (1778), Triticum vulgare Vill., Hist. Pl. Dauphiné 2: 153 (1783), Triticum cereale Schrank, Baier. Fl. 1: 387 (1789) | AG15: wheat | AH15: wheat, bread wheat, blé, alkamh, sinde, xiao mai, trigo, brödvete, vanligt vete, kveite, almindelig hvede, leipävehnä, vehnä, hveiti, aat-weize, weizen, grano, frumento, lua mi, froment, cereals-wheat | AI15: suitable | AJ15: grass | AK15: erect | AL15: annual | AM15: COOL | AN15: single stem, C3 photosynthesis | AO15: cereals & pseudocereals, forage/pasture, medicinals & aromatic | AP15: cereals & pseudocereals | AQ15: grown on large scale | AR15: 15 | AS15: 23 | AT15: 5 | AU15: 27 | AV15: 750 | AW15: 900 | AX15: 300 | AY15: 1600 | AZ15: 6 | BA15: 7 | BB15: 5.5 | BC15: 8.5 | BD15: 30 | BF15: 60 | BG15: 65 | BH15: 4500 | BI15: very bright | BJ15: very bright | BK15: cloudy skies | BL15: very bright | BM15: medium (50-150 cm) | BN15: shallow (20-50 cm) | BO15: medium, organic | BP15: heavy, medium | BQ15: high | BR15: moderate | BU15: low (<4 dS/m) | BV15: medium (4-10 dS/m) | BW15: well (dry spells) | BX15: well (dry spells) | BY15: -20 | BZ15: 0 | CA15: neutral day (12-14 hours), long day (>14 hours) | CB15: tropical wet & dry (Aw), tropical wet (Ar), desert or arid (Bw), steppe or semiarid (Bs), subtropical humid (Cf), subtropical dry summer (Cs), subtropical dry winter (Cw), temperate oceanic (Do), temperate continental (Dc), temperate with humid winters (Df), temperate with dry winters (Dw) | CF15: large scale/commercial | CG15: 90 | CH15: 250 | CI15: 0.6 | CJ15: 1.2 | CK15: 0.1 | CL15: 0.2 | CM15: Annual grass | CN15: 1 | CO15: 10 | CP15: Low: subsistence/dryland; High: UK/Netherlands irrigated | CQ15: FAOSTAT QCL | CR15: 3 | CS15: 1 | CT15: 1 | CU15: 1 | CV15: 1 | CW15: 0 | CX15: 1 | CY15: 2 | CZ15: 1 | DA15: 120 | DB15: 40 | DC15: 80 | DD15: 20 | DE15: 15 | DF15: 0 | DG15: 10 | DH15: 250 | DI15: 40 | DJ15: ERS wheat 2019; FAO mechanisation; LIT (Ibarrola-Rivas 2016) | DK15: Grain (Cereal) Foods | DL15: 100 | DM15: ½ cup cooked whole wheat berries; or 40g wholemeal bread | DN15: S | DW15: S | DX15: P | DY15: P | DZ15: WA Wheatbelt, NSW, VIC, SA — winter wheat harvested Oct–Jan; QLD spring wheat Oct–Nov | EA15: NH: Jun–Aug (Europe, N America, India) | EB15: Long Storage | EC15: Dry grain — cool/dry/dark, airtight | ED15: 12–60 months | EE15: 1 | EF15: 1–5 years
A16: Sorghum | B16: Grain | C16: Sorghum, grain, uncooked | D16: 350.1 | E16: 8.2 | F16: 3.6 | G16: 65.8 | H16: 8.6 | I16: 10 | J16: 2.25 | K16: 124 | L16: 273 | M16: 363 | N16: 1 | O16: 1.35 | R16: 15.5 | S16: 0 | T16: 0.4 | U16: 0 | V16: 0.4 | W16: 0.025 | X16: 4.05 | Y16: 0.1 | Z16: 0 | AA16: 20 | CI16: 0.9 | CJ16: 3.5 | CK16: 0.2 | CL16: 0.5 | CM16: Annual grass; grain sorghum | CN16: 0.5 | CO16: 6 | CP16: Low: dryland Africa; High: irrigated USA/Australia | CQ16: FAOSTAT QCL | CR16: 4 | CS16: 1 | CT16: 2 | CU16: 1 | CV16: 1 | CW16: 0 | CX16: 1 | CY16: 3 | CZ16: 2 | DA16: 130 | DB16: 50 | DC16: 120 | DD16: 20 | DE16: 15 | DF16: 0 | DG16: 10 | DH16: 250 | DI16: 50 | DJ16: ERS; LIT (Sudan Gezira) | DK16: Grain (Cereal) Foods | DL16: 100 | DM16: ½ cup cooked sorghum (~100g) | DO16: S | DP16: P | DQ16: P | DR16: P | DS16: S | DZ16: QLD/northern NSW — warm-season grain; harvested autumn Feb–May | EA16: NH: Aug–Oct (USA Great Plains, Africa) | EB16: Long Storage | EC16: Dry grain — cool/dry/dark, airtight | ED16: 12–36 months | EE16: 1 | EF16: 1–3 years
A17: Pumpkin Seed | B17: Seed | C17: Seed, pumpkin, hulled & dried | D17: 537.5 | E17: 30.2 | F17: 45 | G17: 2.1 | H17: 4.6 | I17: 40 | J17: 8.5 | K17: 530 | L17: 1100 | M17: 700 | N17: 1 | O17: 6.5 | P17: 1.2 | Q17: 4.2 | R17: 15 | S17: 2 | T17: 4.58 | U17: 0 | V17: 0.17 | W17: 0.06 | X17: 3.3 | Y17: 0 | Z17: 0 | AA17: 34 | AB17: 819 | AC17: Cucurbita maxima | AD17: Duchesne | AE17: Magnoliopsida:Dilleniidae:Violales:Cucurbitaceae | AG17: pumpkin | AH17: pumpkin, squash, giant squash, citrouille, hina, wavukani, te baukin, panikeni, poosani, hubbard squash, Kürbis | AI17: suitable | AJ17: vine | AK17: climber/scrambler/scadent | AL17: annual | AM17: WARM | AO17: forage/pasture, fruits & nuts, vegetables, materials, medicinals & aromatic | AP17: forage/pasture | AQ17: grown on large scale | AR17: 20 | AS17: 30 | AT17: 9 | AU17: 38 | AV17: 600 | AW17: 1000 | AX17: 450 | AY17: 2700 | AZ17: 5.5 | BA17: 7.5 | BB17: 5 | BC17: 8.5 | BD17: 10 | BF17: 20 | BG17: 50 | BH17: 2000 | BI17: very bright | BJ17: very bright | BK17: very bright | BL17: cloudy skies | BM17: deep (>>150 cm) | BN17: shallow (20-50 cm) | BO17: heavy, medium, light, organic | BP17: heavy, medium, light | BQ17: high | BR17: low | BU17: low (<4 dS/m) | BV17: low (<4 dS/m) | BW17: well (dry spells) | BX17: well (dry spells) | CA17: short day (<12 hours), neutral day (12-14 hours), long day (>14 hours) | CB17: tropical wet & dry (Aw), tropical wet (Ar), steppe or semiarid (Bs), subtropical humid (Cf), subtropical dry summer (Cs), subtropical dry winter (Cw), temperate oceanic (Do), temperate continental (Dc), temperate with humid winters (Df), temperate with dry winters (Dw) | CF17: home garden, large scale/commercial | CG17: 80 | CH17: 140 | CI17: 0.3 | CJ17: 0.6 | CK17: 3 | CL17: 8 | CM17: Vine; same plant as pumpkin | CN17: 0.3 | CO17: 1.5 | CP17: Hull-less (Styrian) pumpkin seed; Austria/Slovenia | CQ17: Est. FAOSTAT | CR17: 4 | CS17: 3 | CT17: 4 | CU17: 2 | CV17: 2 | CW17: 0 | CX17: 3 | CY17: 10 | CZ17: 8 | DA17: 130 | DB17: 60 | DC17: 130 | DD17: 20 | DE17: 15 | DF17: 0 | DG17: 30 | DH17: 250 | DI17: 150 | DJ17: EXT Austria/Slovenia hull-less pumpkin seed; LIT | DK17: Lean Meats, Eggs, Nuts, Seeds & Legumes | DL17: 30 | DM17: 30g pumpkin seeds (~2 tbsp); occasional substitute | DO17: S | DP17: P | DQ17: P | DR17: P | DS17: S | DZ17: Warm-season; harvested with pumpkin crop; autumn Feb–Jun | EA17: NH: Sep–Nov (Austria, China) | EB17: Medium Storage | EC17: Dry seed — cool/dark, airtight | ED17: 3–12 months | EE17: 3 | EF17: 0.2–1 years
A18: Garlic | B18: Bulb/Clove | C18: Garlic, peeled, fresh, raw | D18: 124.8 | E18: 6.1 | F18: 2.8 | G18: 10.2 | H18: 16.9 | I18: 30 | J18: 1.7 | K18: 25 | L18: 32 | M18: 510 | N18: 8 | O18: 1 | R18: 14.2 | S18: 2 | T18: 0.08 | U18: 11 | V18: 0.09 | W18: 0.06 | X18: 0.8 | Y18: 1.24 | Z18: 0 | AA18: 3 | AB18: 367 | AC18: Allium sativum | AD18: L. | AE18: Liliopsida:Liliidae:Asparagales:Alliaceae | AF18: Porrum sativum Reh. | AG18: garlic | AH18: garlic, cultivated garlic, ail, aglio, ajo, kaliki, Knoblauch, vitlök, hvidløg, thum, knoflook, alho, alho de cultura, chesnok, ninniku, suan, Bulbus Allii Sativi, garlic oil | AI18: suitable | AJ18: herb | AK18: erect | AL18: biennial | AN18: single stem | AO18: vegetables, medicinals & aromatic | AP18: vegetables | AQ18: grown on large scale | AR18: 18 | AS18: 30 | AT18: 7 | AU18: 35 | AV18: 750 | AW18: 1600 | AX18: 500 | AY18: 2700 | AZ18: 6 | BA18: 6.6 | BB18: 5 | BC18: 8.5 | BF18: 60 | BG18: 60 | BH18: 2200 | BI18: clear skies | BJ18: clear skies | BK18: very bright | BL18: cloudy skies | BM18: medium (50-150 cm) | BN18: shallow (20-50 cm) | BO18: medium, light | BP18: heavy, medium, light | BQ18: high | BR18: low | BU18: low (<4 dS/m) | BV18: low (<4 dS/m) | BW18: well (dry spells) | BX18: well (dry spells) | BY18: -5 | BZ18: -5 | CA18: long day (>14 hours) | CB18: tropical wet & dry (Aw), tropical wet (Ar), subtropical humid (Cf), subtropical dry summer (Cs), subtropical dry winter (Cw), temperate oceanic (Do), temperate continental (Dc), temperate with humid winters (Df), temperate with dry winters (Dw) | CD18: humidity | CF18: home garden, large scale/commercial | CG18: 90 | CH18: 120 | CI18: 0.3 | CJ18: 0.8 | CK18: 0.1 | CL18: 0.2 | CM18: Annual; bulb vegetable | CN18: 5 | CO18: 20 | CP18: Bulb yield (fresh); China >15 t/ha; small farms lower | CQ18: FAOSTAT QCL | CR18: 5 | CS18: 8 | CT18: 10 | CU18: 3 | CV18: 4 | CW18: 0 | CX18: 4 | CY18: 12 | CZ18: 10 | DA18: 140 | DB18: 200 | DC18: 280 | DD18: 30 | DE18: 35 | DF18: 0 | DG18: 40 | DH18: 350 | DI18: 200 | DJ18: EXT California; NSWDPI; AHDB HDC | DK18: Vegetables & Legumes | DL18: 75 | DM18: 2–3 cloves (~10g); typically used as condiment | DN18: P | DO18: S | DW18: S | DX18: P | DY18: P | DZ18: Riverina NSW, SA, VIC — planted autumn, harvested Nov–Jan; new season Dec | EA18: NH: Jun–Aug (China, Spain, Argentina) | EB18: Long Storage | EC18: Dry and braid; cool/dry shelf | ED18: 3–12 months | EE18: 3 | EF18: 1–9 months
A19: Spelt | B19: Grain | C19: Spelt, uncooked | D19: 331.7 | E19: 11.7 | F19: 3 | G19: 59.2 | H19: 8.8 | I19: 21 | J19: 2.8 | K19: 122 | L19: 323 | M19: 330 | N19: 3 | O19: 1.9 | P19: 0.65 | Q19: 3.7 | R19: 14 | S19: 0 | T19: 0.71 | U19: 0 | V19: 0.42 | W19: 0.03 | X19: 7.3 | Y19: 0.2 | Z19: 0 | AA19: 75 | AB19: 10591 | AC19: Triticum spelta | AD19: L. | AE19: Liliopsida:Commelinidae:Cyperales:Gramineae | AG19: spelt wheat | AH19: spelt wheat, wheat - spelt, farro, dinkel, German wheat | AI19: poorly suited | AJ19: grass | AK19: erect | AL19: annual | AM19: COOL | AO19: cereals & pseudocereals, forage/pasture | AP19: cereals & pseudocereals | AQ19: grown on small scale | AR19: 10 | AS19: 17 | AT19: 4 | AU19: 24 | AV19: 700 | AW19: 1000 | AX19: 300 | AY19: 1600 | AZ19: 6.5 | BA19: 7.5 | BB19: 5 | BC19: 8.3 | BI19: very bright | BJ19: clear skies | BK19: very bright | BL19: cloudy skies | BM19: medium (50-150 cm) | BN19: shallow (20-50 cm) | BO19: light | BP19: medium, light | BQ19: moderate | BR19: moderate | BU19: low (<4 dS/m) | BV19: low (<4 dS/m) | BW19: well (dry spells) | BX19: well (dry spells), excessive (dry/moderately dry) | CA19: long day (>14 hours) | CB19: steppe or semiarid (Bs), temperate oceanic (Do), temperate continental (Dc), temperate with humid winters (Df), temperate with dry winters (Dw) | CG19: 120 | CH19: 180 | CI19: 0.9 | CJ19: 1.5 | CK19: 0.1 | CL19: 0.2 | CM19: Annual grass; hulled wheat | CN19: 2 | CO19: 6 | CP19: Lower than common wheat; Germany/Austria organic | CQ19: FAOSTAT QCL | CR19: 3 | CS19: 1 | CT19: 2 | CU19: 1 | CV19: 1 | CW19: 0 | CX19: 0 | CY19: 3 | CZ19: 2 | DA19: 120 | DB19: 40 | DC19: 90 | DD19: 15 | DE19: 10 | DF19: 0 | DG19: 0 | DH19: 220 | DI19: 40 | DJ19: EXT Germany; LIT — dehulling adds postharvest | DK19: Grain (Cereal) Foods | DL19: 100 | DM19: ½ cup cooked spelt berries (~100g) | DN19: S | DW19: S | DX19: P | DY19: P | DZ19: VIC/NSW cool-temperate — same as wheat harvest | EA19: NH: Jul–Aug (Germany, Austria) | EB19: Long Storage | EC19: Dry grain — cool/dry/dark, airtight | ED19: 12–36 months | EE19: 1 | EF19: 1–3 years
A20: Rice (Brown) | B20: Grain | C20: Rice, brown, uncooked | D20: 347 | E20: 7.6 | F20: 3.1 | G20: 69.1 | H20: 3.5 | I20: 7 | J20: 0.8 | K20: 119 | L20: 314 | M20: 230 | N20: 2 | O20: 1.7 | P20: 0.3 | Q20: 4.7 | R20: 14 | S20: 0 | T20: 1.31 | U20: 0 | V20: 0.37 | W20: 0.01 | X20: 5.8 | Y20: 0.2 | Z20: 0 | AA20: 37 | AB20: 1574 | AC20: Oryza sativa | AD20: L. | AE20: Liliopsida:Commelinidae:Cyperales:Gramineae | AG20: rice | AH20: rice, riso, riz, arroz, raisi, chawal, dhan, shali, rais, kumi, kome, ku, dao, tao, kao, cau, byeo, padi, paddy, vrihi, arishi, oruza, lúa, lúa gao, arishi Arruz, reis | AI20: poorly suited | AJ20: grass | AK20: erect | AL20: annual | AM20: WARM | AN20: multi stem, C3 photosynthesis | AO20: cereals & pseudocereals | AP20: cereals & pseudocereals | AQ20: grown on large scale | AR20: 20 | AS20: 30 | AT20: 10 | AU20: 36 | AV20: 1500 | AW20: 2000 | AX20: 1000 | AY20: 4000 | AZ20: 5.5 | BA20: 7 | BB20: 4.5 | BC20: 9 | BF20: 36 | BG20: 55 | BH20: 2500 | BI20: very bright | BJ20: very bright | BK20: cloudy skies | BL20: very bright | BM20: medium (50-150 cm) | BN20: shallow (20-50 cm) | BO20: wide | BP20: wide | BQ20: high | BR20: moderate | BU20: low (<4 dS/m) | BV20: low (<4 dS/m) | BW20: poorly (saturated >50% of year) | BX20: poorly (saturated >50% of year) | CA20: neutral day (12-14 hours) | CB20: tropical wet & dry (Aw), tropical wet (Ar), subtropical humid (Cf), subtropical dry summer (Cs), subtropical dry winter (Cw) | CF20: intermediate (animal drawn), large scale/commercial | CG20: 80 | CH20: 180 | CI20: 0.8 | CJ20: 1.8 | CK20: 0.1 | CL20: 0.3 | CM20: Annual grass | CN20: 1.5 | CO20: 10 | CP20: Paddy yield (same crop as white rice); unhusked | CQ20: FAOSTAT QCL | CR20: 8 | CS20: 5 | CT20: 5 | CU20: 2 | CV20: 2 | CW20: 0 | CX20: 5 | CY20: 8 | CZ20: 5 | DA20: 180 | DB20: 200 | DC20: 250 | DD20: 30 | DE20: 20 | DF20: 0 | DG20: 60 | DH20: 350 | DI20: 80 | DJ20: IRRI; same as white rice — milling step not included (farm gate) | DK20: Grain (Cereal) Foods | DL20: 100 | DM20: ½ cup cooked brown rice (~100g) | DO20: S | DP20: P | DQ20: P | DR20: S | DZ20: Murrumbidgee NSW — same as white rice (less processing) | EA20: NH: Sep–Nov | EB20: Medium Storage | EC20: Cool/dry/dark, airtight — refrigerate for longer | ED20: 6–12 months | EE20: 1 | EF20: 0.5–1 years
A21: Rice (White) | B21: Grain | C21: Rice, white, uncooked | D21: 339.9 | E21: 7 | F21: 0.9 | G21: 74 | H21: 0.8 | I21: 4 | J21: 0.2 | K21: 20 | L21: 90 | M21: 58 | N21: 1 | O21: 1.2 | P21: 0.2 | Q21: 1.6 | R21: 14 | S21: 0 | T21: 0 | U21: 0 | V21: 0.05 | W21: 0 | X21: 1.2 | Y21: 0.1 | Z21: 0 | AA21: 20 | AB21: 1574 | AC21: Oryza sativa | AD21: L. | AE21: Liliopsida:Commelinidae:Cyperales:Gramineae | AG21: rice | AH21: rice, riso, riz, arroz, raisi, chawal, dhan, shali, rais, kumi, kome, ku, dao, tao, kao, cau, byeo, padi, paddy, vrihi, arishi, oruza, lúa, lúa gao, arishi Arruz, reis | AI21: poorly suited | AJ21: grass | AK21: erect | AL21: annual | AM21: WARM | AN21: multi stem, C3 photosynthesis | AO21: cereals & pseudocereals | AP21: cereals & pseudocereals | AQ21: grown on large scale | AR21: 20 | AS21: 30 | AT21: 10 | AU21: 36 | AV21: 1500 | AW21: 2000 | AX21: 1000 | AY21: 4000 | AZ21: 5.5 | BA21: 7 | BB21: 4.5 | BC21: 9 | BF21: 36 | BG21: 55 | BH21: 2500 | BI21: very bright | BJ21: very bright | BK21: cloudy skies | BL21: very bright | BM21: medium (50-150 cm) | BN21: shallow (20-50 cm) | BO21: wide | BP21: wide | BQ21: high | BR21: moderate | BU21: low (<4 dS/m) | BV21: low (<4 dS/m) | BW21: poorly (saturated >50% of year) | BX21: poorly (saturated >50% of year) | CA21: neutral day (12-14 hours) | CB21: tropical wet & dry (Aw), tropical wet (Ar), subtropical humid (Cf), subtropical dry summer (Cs), subtropical dry winter (Cw) | CF21: intermediate (animal drawn), large scale/commercial | CG21: 80 | CH21: 180 | CI21: 0.8 | CJ21: 1.8 | CK21: 0.1 | CL21: 0.3 | CM21: Annual grass | CN21: 1.5 | CO21: 10 | CP21: Paddy; Low: traditional rainfed; High: irrigated Asia (6-9 t/ha) | CQ21: FAOSTAT QCL | CR21: 8 | CS21: 5 | CT21: 5 | CU21: 2 | CV21: 2 | CW21: 0 | CX21: 5 | CY21: 8 | CZ21: 5 | DA21: 180 | DB21: 200 | DC21: 250 | DD21: 30 | DE21: 20 | DF21: 0 | DG21: 60 | DH21: 350 | DI21: 80 | DJ21: IRRI; FAO; ERS rice 2021; Ibarrola-Rivas 2016 | DK21: Grain (Cereal) Foods | DL21: 100 | DM21: ½ cup cooked white rice (~100g) | DO21: S | DP21: P | DQ21: P | DR21: S | DZ21: Murrumbidgee Irrigation Area NSW — planted Nov, harvested Feb–May | EA21: NH: Sep–Nov (China, India, SE Asia) | EB21: Long Storage | EC21: Dry grain — cool/dry/dark, airtight | ED21: 24–60 months | EE21: 1 | EF21: 2–5 years
A22: Millet | B22: Grain | C22: Millet, uncooked | D22: 354.4 | E22: 10.2 | F22: 3.5 | G22: 67.4 | H22: 3.7 | I22: 8 | J22: 5.2 | K22: 104 | L22: 231 | M22: 195 | N22: 1 | O22: 2.7 | R22: 13 | S22: 0 | T22: 0 | U22: 0 | V22: 0.31 | W22: 0.03 | X22: 5.1 | Y22: 0.2 | Z22: 0 | AA22: 85 | AB22: 8418 | AC22: Pennisetum glaucum | AD22: (L.) R.Br. | AE22: Liliopsida:Commelinidae:Cyperales:Gramineae | AF22: Pennisetum americanum, Pennisetum spicatum, Pennisetum typhoideum Rich., Pennisetum typhodes (Burm.) Stapf & C.E. Hubb. | AG22: pearl millett | AH22: pearl millett, bulrush millett, negrito millet, millet perle, petit millet, cumbu, bajra, bajri, babala, spiked millet, cat-tail millet, cattail millet, pijo perla, panizo Bajra, mil a chandella, mil penicillaire, dukn | AI22: poorly suited | AJ22: grass | AK22: erect | AL22: annual | AM22: WARM | AO22: cereals & pseudocereals | AP22: cereals & pseudocereals | AQ22: grown on large scale | AR22: 25 | AS22: 35 | AT22: 12 | AU22: 40 | AV22: 400 | AW22: 900 | AX22: 200 | AY22: 1700 | AZ22: 5 | BA22: 6.5 | BB22: 4.5 | BC22: 8.3 | BD22: 18 | BE22: 14 | BF22: 28 | BG22: 32 | BH22: 1800 | BI22: very bright | BJ22: very bright | BK22: very bright | BL22: clear skies | BM22: deep (>>150 cm) | BN22: medium (50-150 cm) | BO22: medium, light | BP22: medium, light | BQ22: moderate | BR22: low | BU22: low (<4 dS/m) | BV22: medium (4-10 dS/m) | BW22: well (dry spells) | BX22: well (dry spells), excessive (dry/moderately dry) | BY22: 2 | BZ22: 0 | CA22: short day (<12 hours), neutral day (12-14 hours) | CB22: tropical wet & dry (Aw), tropical wet (Ar), desert or arid (Bw), steppe or semiarid (Bs), subtropical humid (Cf), subtropical dry summer (Cs), subtropical dry winter (Cw) | CF22: home garden, small scale (manual), intermediate (animal drawn), large scale/commercial | CG22: 60 | CH22: 120 | CI22: 0.9 | CJ22: 3 | CK22: 0.1 | CL22: 0.3 | CM22: Annual grass; pearl millet | CN22: 0.3 | CO22: 2.5 | CP22: Pearl millet; Low: Sahel subsistence; High: managed India | CQ22: FAOSTAT QCL | CR22: 3 | CS22: 2 | CT22: 5 | CU22: 1 | CV22: 1 | CW22: 0 | CX22: 1 | CY22: 5 | CZ22: 3 | DA22: 120 | DB22: 60 | DC22: 200 | DD22: 15 | DE22: 10 | DF22: 0 | DG22: 10 | DH22: 300 | DI22: 80 | DJ22: FAO Sahel; LIT; CGIAR | DK22: Grain (Cereal) Foods | DL22: 100 | DM22: ½ cup cooked millet (~100g) | DO22: S | DP22: P | DQ22: P | DR22: P | DS22: S | DZ22: QLD/northern NSW — warm-season; harvested autumn | EA22: NH: Sep–Nov (India, Africa) | EB22: Long Storage | EC22: Dry grain — cool/dry/dark, airtight | ED22: 12–36 months | EE22: 1 | EF22: 1–3 years
A23: Sorghum | B23: Grain | C23: Sorghum Grain | D23: 329 | E23: 10.62 | F23: 72.09 | G23: 6.7 | H23: 3.46 | I23: 13 | J23: 3.36 | K23: 165 | L23: 289 | M23: 363 | N23: 2 | O23: 1.67 | P23: 0.284 | Q23: 1.605 | R23: 12.2 | S23: 0 | T23: 0.5 | U23: 0 | V23: 0.332 | W23: 0.096 | X23: 3.688 | Y23: 0.443 | Z23: 0 | AA23: 20 | AB23: 0 | AC23: 0 | AD23: 0 | AE23: 0 | AF23: 0 | AG23: 0 | AH23: 0 | AI23: 0 | AJ23: 0 | AK23: 0 | AL23: 0 | AM23: 0 | AN23: 0 | AO23: 0 | AP23: 0 | AQ23: 0 | AR23: 0 | AS23: 0 | AT23: 0 | AU23: 0 | AV23: 0 | AW23: 0 | AX23: 0 | AY23: 0 | AZ23: 0 | BA23: 0 | BB23: 0 | BC23: 0 | BD23: 0 | BE23: 0 | BF23: 0 | BG23: 0 | BH23: 0 | BI23: 0 | BJ23: 0 | BK23: 0 | BL23: 0 | BM23: 0 | BN23: 0 | BO23: 0 | BP23: 0 | BQ23: 0 | BR23: 0 | BS23: 0 | BT23: 0 | BU23: 0 | BV23: 0 | BW23: 0 | BX23: 0 | BY23: 0 | BZ23: 0 | CA23: 0 | CB23: 0 | CC23: 0 | CD23: 0 | CE23: 0 | CF23: 0 | CG23: 0 | CH23: 0 | CI23: 0.9 | CJ23: 3.5 | CK23: 0.2 | CL23: 0.5 | CM23: Annual grass; grain sorghum | CN23: 0.5 | CO23: 6 | CP23: Low: dryland Africa; High: irrigated USA/Australia | CQ23: FAOSTAT QCL | CR23: 4 | CS23: 1 | CT23: 2 | CU23: 1 | CV23: 1 | CW23: 0 | CX23: 1 | CY23: 3 | CZ23: 2 | DA23: 130 | DB23: 50 | DC23: 120 | DD23: 20 | DE23: 15 | DF23: 0 | DG23: 10 | DH23: 250 | DI23: 50 | DJ23: ERS; LIT (Sudan Gezira) | DK23: Grain (Cereal) Foods | DL23: 100 | DM23: ½ cup cooked sorghum (~100g) | DO23: S | DP23: P | DQ23: P | DR23: P | DS23: S | DZ23: QLD/northern NSW — warm-season grain; harvested autumn Feb–May | EA23: NH: Aug–Oct (USA Great Plains, Africa) | EB23: Long Storage | EC23: Dry grain — cool/dry/dark, airtight | ED23: 12–36 months | EE23: 1 | EF23: 1–3 years
A24: Peanut | B24: Nut | C24: Nut, peanut, with skin, raw, unsalted | D24: 567.9 | E24: 24.7 | F24: 47.1 | G24: 8.9 | H24: 8.2 | I24: 54 | J24: 2.3 | K24: 160 | L24: 370 | M24: 540 | N24: 1 | O24: 3 | P24: 0.81 | Q24: 1.7 | R24: 12 | S24: 1 | T24: 9.5 | U24: 0 | V24: 0.79 | W24: 0.12 | X24: 15 | Y24: 0.65 | Z24: 0 | AA24: 240 | AB24: 2199 | AC24: Arachis hypogaea | AD24: L. | AE24: Magnoliopsida:Rosidae:Fabales:Leguminosae | AG24: groundnut | AH24: groundnut, peanut, monkeynut, arachide, cacahuètes, Erdnuss, goober, mani, mani largo, pindels, pistach, pistache, pinat, pinati, earthnut, Manila nut, Chinese nut, pindar, goober pea, spagnoletta, nilakkadalai, kadalai | AI24: poorly suited | AJ24: herb | AK24: prostrate/procumbent/semi-erect | AL24: annual | AM24: WARM | AO24: pulses (grain legumes), vegetables, materials, medicinals & aromatic | AP24: pulses (grain legumes) | AQ24: grown on large scale | AR24: 22 | AS24: 32 | AT24: 10 | AU24: 45 | AV24: 600 | AW24: 1500 | AX24: 400 | AY24: 4000 | AZ24: 5.5 | BA24: 6.5 | BB24: 4.5 | BC24: 8.5 | BF24: 40 | BG24: 45 | BH24: 1650 | BI24: very bright | BJ24: very bright | BK24: very bright | BL24: clear skies | BM24: medium (50-150 cm) | BN24: medium (50-150 cm) | BO24: medium | BP24: heavy, medium, light, organic | BQ24: high | BR24: moderate | BU24: low (<4 dS/m) | BV24: low (<4 dS/m) | BW24: well (dry spells) | BX24: well (dry spells) | CA24: short day (<12 hours), neutral day (12-14 hours), long day (>14 hours) | CB24: tropical wet & dry (Aw), steppe or semiarid (Bs), subtropical humid (Cf) | CD24: hail, wind | CF24: large scale/commercial | CG24: 90 | CH24: 150 | CI24: 0.3 | CJ24: 0.6 | CK24: 0.3 | CL24: 0.6 | CM24: Annual herb; groundnut | CN24: 0.5 | CO24: 5 | CP24: Pod yield; Low: Africa subsistence; High: US/China irrigated | CQ24: FAOSTAT QCL | CR24: 5 | CS24: 5 | CT24: 8 | CU24: 2 | CV24: 3 | CW24: 0 | CX24: 2 | CY24: 10 | CZ24: 8 | DA24: 150 | DB24: 120 | DC24: 280 | DD24: 20 | DE24: 25 | DF24: 0 | DG24: 20 | DH24: 400 | DI24: 150 | DJ24: LIT Sudan Gezira (65 h/ha sow, peanut highest); ERS | DK24: Lean Meats, Eggs, Nuts, Seeds & Legumes | DL24: 30 | DM24: 30g peanuts or 2 tbsp peanut butter; occasional substitute | DP24: S | DQ24: P | DR24: P | DS24: S | DZ24: SE QLD (Kingaroy/South Burnett) — planted Nov, harvested Mar–May | EA24: NH: Sep–Nov (China, India, USA) | EB24: Long Storage | EC24: Dry in shell — cool/dry/dark | ED24: 6–12 months | EE24: 3 | EF24: 0.2–1 years
A25: Chia Seed | B25: Seed | C25: Seed, chia, dried | D25: 436.2 | E25: 23.8 | F25: 29.8 | G25: 3.1 | H25: 33.2 | I25: 530 | J25: 13 | K25: 380 | L25: 830 | M25: 720 | N25: 0 | O25: 5.4 | P25: 1.7 | Q25: 4.3 | R25: 12 | S25: 0 | T25: 1.06 | U25: 0 | V25: 0.24 | W25: 0.04 | X25: 7.6 | Y25: 0.12 | Z25: 0 | AA25: 111 | CI25: 0.6 | CJ25: 1.8 | CK25: 0.3 | CL25: 0.6 | CM25: Annual herb | CN25: 0.3 | CO25: 1.5 | CP25: Low: traditional Andean; High: commercial Mexico/Bolivia | CQ25: FAO; Est. | CR25: 3 | CS25: 2 | CT25: 4 | CU25: 1 | CV25: 2 | CW25: 0 | CX25: 2 | CY25: 5 | CZ25: 5 | DA25: 110 | DB25: 50 | DC25: 150 | DD25: 15 | DE25: 15 | DF25: 0 | DG25: 20 | DH25: 200 | DI25: 80 | DJ25: EXT Mexico/Bolivia; LIT | DK25: Lean Meats, Eggs, Nuts, Seeds & Legumes | DL25: 30 | DM25: 30g chia seeds (~2 tbsp); occasional substitute | DP25: S | DQ25: P | DR25: P | DS25: S | DZ25: NT/Kimberley WA — tropical crop; planted wet season, harvested Apr–May | EA25: NH: Oct–Nov (Mexico, Bolivia) | EB25: Long Storage | EC25: Dry seed — cool/dark, airtight | ED25: 24–48 months | EE25: 1 | EF25: 2–4 years
A26: Macadamia | B26: Nut | C26: Nut, macadamia, raw, unsalted | D26: 737.6 | E26: 6.5 | F26: 76.7 | G26: 4.6 | H26: 7.9 | I26: 51 | J26: 1.7 | K26: 110 | L26: 200 | M26: 370 | N26: 1 | O26: 1.1 | P26: 0.39 | Q26: 4.1 | R26: 11 | S26: 0 | T26: 0 | U26: 0 | V26: 0.31 | W26: 0.07 | X26: 0.9 | Y26: 0.27 | Z26: 0 | AA26: 22 | AB26: 1382 | AC26: Macadamia integrifolia | AD26: Maiden & Betche | AE26: Magnoliopsida:Rosidae:Proteales:Proteaceae | AG26: macadamia nut | AH26: macadamia nut, noz de macadamia | AI26: poorly suited | AJ26: tree | AK26: erect | AL26: perennial | AN26: evergreen, single stem | AO26: fruits & nuts, materials, ornamentals/turf, forest/wood, environmental | AP26: nuts | AR26: 10 | AS26: 26 | AT26: 8 | AU26: 35 | AV26: 1000 | AW26: 3000 | AX26: 700 | AY26: 3500 | AZ26: 5 | BA26: 6 | BB26: 4.5 | BC26: 7 | BD26: 15 | BF26: 35 | BG26: 40 | BH26: 1600 | BI26: clear skies | BJ26: very bright | BK26: clear skies | BL26: very bright | BM26: medium (50-150 cm) | BN26: medium (50-150 cm) | BO26: medium, light, organic | BP26: medium, light, organic | BQ26: moderate | BR26: moderate | BU26: low (<4 dS/m) | BV26: low (<4 dS/m) | BW26: well (dry spells) | BX26: well (dry spells) | CG26: 365 | CH26: 365 | CI26: 5 | CJ26: 18 | CK26: 5 | CL26: 12 | CM26: Tree | CN26: 0.5 | CO26: 5 | CP26: Nut in shell; Australia/Hawaii/SA commercial | CQ26: FAOSTAT QCL; Aust. | CR26: 0 | CS26: 0 | CT26: 5 | CU26: 4 | CV26: 5 | CW26: 8 | CX26: 4 | CY26: 10 | CZ26: 5 | DA26: 0 | DB26: 0 | DC26: 40 | DD26: 25 | DE26: 35 | DF26: 60 | DG26: 30 | DH26: 250 | DI26: 100 | DJ26: NSWDPI; EXT Hawaii; Aust. Macadamia Soc. | DK26: Lean Meats, Eggs, Nuts, Seeds & Legumes | DL26: 30 | DM26: 30g macadamia nuts (~10–12 nuts); occasional substitute | DP26: S | DQ26: P | DR26: P | DS26: P | DT26: P | DU26: S | DZ26: Northern NSW, SE QLD — main harvest Apr–Aug; peak May–Jul | EA26: NH: Oct–Jan (Hawaii, South Africa) | EB26: Long Storage | EC26: In-shell: cool/dry; shelled: refrigerate or freeze | ED26: 6–24 months | EE26: 3 | EF26: 0.2–1 years
A27: Coconut | B27: Flesh | C27: Nuts Coconut Meat Raw | D27: 354 | E27: 3.33 | F27: 15.23 | G27: 9 | H27: 33.49 | I27: 14 | J27: 2.43 | K27: 32 | L27: 113 | M27: 356 | N27: 20 | O27: 1.1 | P27: 0.435 | Q27: 1.5 | R27: 10.1 | S27: 0 | T27: 0.24 | U27: 3.3 | V27: 0.066 | W27: 0.02 | X27: 0.54 | Y27: 0.054 | Z27: 0 | AA27: 26 | AB27: 744 | AC27: Cocos nucifera | AD27: Linnaeus | AE27: Liliopsida:Arecidae:Arecales:Palmae | AF27: 0 | AG27: coconut | AH27: coconut, cocotier, palma de coco, cocotero, côco, narial, thengai, kokospalme, ye, tree of life, tree of heaven, kalpaviriksha, tree of abundance, natures supermarket, kulau, coir fibre, (See "Notes" for hybrid names) | AI27: poorly suited | AJ27: tree | AK27: erect | AL27: perennial | AM27: 0 | AN27: evergreen, single stem | AO27: fruits & nuts, materials, forest/wood | AP27: nuts | AQ27: grown on large scale, harvested from wild | AR27: 22 | AS27: 34 | AT27: 14 | AU27: 38 | AV27: 1200 | AW27: 2400 | AX27: 650 | AY27: 4000 | AZ27: 5 | BA27: 8 | BB27: 4.3 | BC27: 8.7 | BD27: 0 | BE27: 0 | BF27: 10 | BG27: 26 | BH27: 1500 | BI27: very bright | BJ27: very bright | BK27: very bright | BL27: cloudy skies | BM27: deep (>>150 cm) | BN27: medium (50-150 cm) | BO27: medium, light | BP27: heavy, medium, light | BQ27: moderate | BR27: low | BS27: 0 | BT27: 0 | BU27: low (<4 dS/m) | BV27: medium (4-10 dS/m) | BW27: well (dry spells) | BX27: well (dry spells) | BY27: -1 | BZ27: 0 | CA27: short day (<12 hours), neutral day (12-14 hours), long day (>14 hours) | CB27: tropical wet & dry (Aw), tropical wet (Ar) | CC27: 0 | CD27: 0 | CE27: 0 | CF27: 0 | CG27: 270 | CH27: 365 | CI27: 20 | CJ27: 30 | CK27: 5 | CL27: 9 | CM27: Tall palm; frond spread | CN27: 3 | CO27: 15 | CP27: Yield in nut equivalent; Low: unmanaged; High: hybrid | CQ27: FAOSTAT QCL; FAO | CR27: 0 | CS27: 0 | CT27: 10 | CU27: 4 | CV27: 5 | CW27: 5 | CX27: 5 | CY27: 25 | CZ27: 10 | DA27: 0 | DB27: 0 | DC27: 80 | DD27: 25 | DE27: 35 | DF27: 40 | DG27: 35 | DH27: 400 | DI27: 150 | DJ27: FAO Pacific; LIT — climbing harvest intensive | DK27: Discretionary | DL27: 30 | DM27: 30g coconut flesh; high saturated fat — discretionary | DN27: S | DO27: S | DP27: P | DQ27: P | DR27: P | DS27: P | DT27: S | DU27: S | DZ27: FNQ tropical coast — year-round; coconut water peak Feb–May; dry nut peak Apr–Jul | EA27: NH tropical: year-round (Philippines, Indonesia) | EB27: Medium Storage | EC27: Dry nut; desiccated or oil | ED27: 1–6 months | EE27: 5 | EF27: 1–3 months
A28: Lupin | B28: Seed | C28: Lupin, whole, uncooked | D28: 282.5 | E28: 28.6 | F28: 6.5 | G28: 7.4 | H28: 41.5 | I28: 211 | J28: 3.9 | K28: 171 | L28: 302 | M28: 570 | N28: 50 | O28: 3.4 | R28: 8.2 | S28: 33 | T28: 2.33 | U28: 2 | V28: 0.56 | W28: 0.02 | X28: 2.2 | Y28: 0.1 | Z28: 0 | AA28: 350 | AB28: 7435 | AC28: Lupinus mutabilis | AD28: Sweet | AE28: Magnoliopsida:Rosidae:Fabales:Leguminosae | AF28: Lupinus tauris | AG28: Andean lupin | AH28: Andean lupin, South American lupin, sweet Bolivian lupine, pearl lupin, altramuz, chocho, lupino, raewi (Peru, Bolivia), tauri (Bolivia), chocho (Ecuador, Peru), chochito (Ecuador, Peru), cequela (Peru), chuchus (Bolivia), tarwi, tauri | AI28: suitable | AJ28: herb | AK28: erect | AL28: annual | AM28: COOL | AN28: single stem | AO28: pulses (grain legumes), forage/pasture, ornamentals/turf, medicinals & aromatic | AP28: pulses (grain legumes) | AQ28: grown on small scale | AR28: 18 | AS28: 24 | AT28: 6 | AU28: 30 | AV28: 500 | AW28: 1000 | AX28: 350 | AY28: 1700 | AZ28: 5 | BA28: 6.5 | BB28: 4.5 | BC28: 7 | BF28: 22 | BG28: 50 | BH28: 4000 | BI28: very bright | BJ28: clear skies | BK28: very bright | BL28: cloudy skies | BM28: shallow (20-50 cm) | BN28: shallow (20-50 cm) | BO28: medium, light | BP28: heavy, medium, light | BQ28: moderate | BR28: low | BU28: low (<4 dS/m) | BV28: medium (4-10 dS/m) | BW28: well (dry spells) | BX28: well (dry spells), excessive (dry/moderately dry) | BY28: -5 | BZ28: -5 | CA28: short day (<12 hours), neutral day (12-14 hours), long day (>14 hours) | CB28: tropical wet & dry (Aw), steppe or semiarid (Bs), subtropical humid (Cf), subtropical dry summer (Cs), subtropical dry winter (Cw), temperate oceanic (Do), temperate continental (Dc), temperate with humid winters (Df), temperate with dry winters (Dw) | CG28: 150 | CH28: 330 | CI28: 0.5 | CJ28: 1.5 | CK28: 0.3 | CL28: 0.6 | CM28: Annual herb | CN28: 0.5 | CO28: 3.5 | CP28: Dry seed; Australia dominant; white lupin higher potential | CQ28: FAOSTAT QCL | CR28: 3 | CS28: 2 | CT28: 3 | CU28: 1 | CV28: 2 | CW28: 0 | CX28: 1 | CY28: 4 | CZ28: 3 | DA28: 120 | DB28: 50 | DC28: 120 | DD28: 10 | DE28: 15 | DF28: 0 | DG28: 10 | DH28: 220 | DI28: 60 | DJ28: EXT Australia GRDC; LIT | DK28: Lean Meats, Eggs, Nuts, Seeds & Legumes | DL28: 150 | DM28: 1 cup cooked lupin beans (150g) | DV28: S | DW28: P | DX28: P | DY28: S | DZ28: WA (dominant producer), SA, VIC — cool-season; harvested Oct–Nov | EA28: NH: Jul–Aug (Poland, Australia exports) | EB28: Long Storage | EC28: Dry seed — cool/dry/dark | ED28: 12–24 months | EE28: 2 | EF28: 1–2 years
A29: Sunflower Seed | B29: Seed | C29: Seed, sunflower | D29: 564.5 | E29: 24.7 | F29: 48.3 | G29: 3.1 | H29: 13 | I29: 99 | J29: 4.85 | K29: 370 | L29: 775 | M29: 610 | N29: 0 | O29: 5.44 | P29: 2 | Q29: 2.1 | R29: 7.5 | S29: 0 | T29: 41.21 | U29: 0 | V29: 0.875 | W29: 0.16 | X29: 10.75 | Y29: 0.56 | Z29: 0 | AA29: 126 | CI29: 0.9 | CJ29: 3.5 | CK29: 0.3 | CL29: 0.9 | CM29: Annual herb; oilseed types | CN29: 0.5 | CO29: 4 | CP29: Oil seed type; Low: dryland; High: irrigated EU/Ukraine | CQ29: FAOSTAT QCL | CR29: 3 | CS29: 1 | CT29: 3 | CU29: 1 | CV29: 2 | CW29: 0 | CX29: 1 | CY29: 3 | CZ29: 2 | DA29: 120 | DB29: 45 | DC29: 100 | DD29: 15 | DE29: 15 | DF29: 0 | DG29: 10 | DH29: 200 | DI29: 40 | DJ29: ERS; NSWDPI; LIT | DK29: Lean Meats, Eggs, Nuts, Seeds & Legumes | DL29: 30 | DM29: 30g sunflower seeds (~3 tbsp); occasional substitute | DO29: S | DP29: P | DQ29: P | DR29: S | DZ29: QLD/NSW — warm-season oilseed; Feb–May harvest | EA29: NH: Sep–Oct (Ukraine, Russia, Argentina) | EB29: Medium Storage | EC29: Dry seed — cool/dark, airtight | ED29: 3–12 months | EE29: 2 | EF29: 0.2–1 years
A30: Oats (Rolled) | B30: Grain | C30: Oats, rolled, uncooked | D30: 373.8 | E30: 12.2 | F30: 9.5 | G30: 54.5 | H30: 9.5 | I30: 40 | J30: 3.5 | K30: 104 | L30: 310 | M30: 310 | N30: 2 | O30: 2.35 | R30: 6.5 | S30: 0 | T30: 0.23 | U30: 0 | V30: 0.39 | W30: 0.005 | X30: 1.25 | Y30: 0.2 | Z30: 0 | AA30: 17 | AB30: 481 | AC30: Avena sativa | AD30: L. | AE30: Liliopsida:Commelinidae:Cyperales:Gramineae | AG30: oat | AH30: oat, oats, hawer, hafer, avena, avoine, avoine farine, vanlig havre, havre, almindelig havre, peltokaura, kaura, akurhafrar, saat-hafer | AI30: suitable | AJ30: grass | AK30: erect | AL30: annual | AM30: COOL | AO30: cereals & pseudocereals, cover crop | AP30: cereals & pseudocereals | AQ30: grown on large scale | AR30: 16 | AS30: 20 | AT30: 5 | AU30: 30 | AV30: 600 | AW30: 1000 | AX30: 250 | AY30: 1500 | AZ30: 5 | BA30: 6 | BB30: 4.5 | BC30: 7.5 | BD30: 45 | BE30: 40 | BF30: 60 | BG30: 60 | BI30: very bright | BJ30: very bright | BK30: very bright | BL30: cloudy skies | BM30: medium (50-150 cm) | BN30: shallow (20-50 cm) | BO30: heavy, medium, light | BP30: heavy, medium, light | BQ30: high | BR30: moderate | BU30: low (<4 dS/m) | BV30: low (<4 dS/m) | BW30: well (dry spells) | BX30: well (dry spells) | BY30: -15 | BZ30: -1 | CA30: neutral day (12-14 hours), long day (>14 hours) | CB30: tropical wet & dry (Aw), tropical wet (Ar), desert or arid (Bw), steppe or semiarid (Bs), subtropical humid (Cf), subtropical dry summer (Cs), subtropical dry winter (Cw), temperate oceanic (Do), temperate continental (Dc), temperate with humid winters (Df), temperate with dry winters (Dw) | CG30: 110 | CH30: 270 | CI30: 0.6 | CJ30: 1.5 | CK30: 0.1 | CL30: 0.2 | CM30: Annual grass | CN30: 1.5 | CO30: 7 | CP30: Grain yield; EU/Australia commercial; UK avg ~5.5 t/ha | CQ30: FAOSTAT QCL; HDC | CR30: 3 | CS30: 1 | CT30: 1 | CU30: 1 | CV30: 1 | CW30: 0 | CX30: 0 | CY30: 2 | CZ30: 1 | DA30: 110 | DB30: 40 | DC30: 70 | DD30: 15 | DE30: 10 | DF30: 0 | DG30: 0 | DH30: 200 | DI30: 30 | DJ30: AHDB; EXT Iowa State | DK30: Grain (Cereal) Foods | DL30: 120 | DM30: ½ cup cooked porridge (~120g) | DN30: S | DW30: S | DX30: P | DY30: P | DZ30: SA, VIC, WA, NSW — spring harvest Oct–Dec | EA30: NH: Jul–Aug (Finland, Canada) | EB30: Long Storage | EC30: Dry grain — cool/dry/dark, airtight | ED30: 12–24 months | EE30: 1 | EF30: 1–2 years
A31: Rye (Grain) | B31: Grain | C31: Rye, grain, whole, uncooked | D31: 309.8 | E31: 11.1 | F31: 2.6 | G31: 51.3 | H31: 17.3 | I31: 41 | J31: 3.7 | K31: 116 | L31: 277 | M31: 510 | N31: 5 | O31: 2.8 | R31: 6 | S31: 1 | T31: 1.4 | U31: 0 | V31: 0.28 | W31: 0.03 | X31: 1.7 | Y31: 0.5 | Z31: 0 | AA31: 38 | AB31: 1929 | AC31: Secale cereale | AD31: L. | AE31: Liliopsida:Commelinidae:Cyperales:Gramineae | AG31: rye | AH31: rye, seigle, centeno, roggen, saat-roggen, segale comune, zyto, almindelig rug, rug, råg, rúgur, ruis, rogge | AI31: poorly suited | AJ31: grass | AK31: erect | AL31: annual | AM31: COOL | AN31: multi stem | AO31: cereals & pseudocereals, forage/pasture, cover crop, environmental | AP31: cereals & pseudocereals | AQ31: grown on large scale | AR31: 15 | AS31: 20 | AT31: 3 | AU31: 31 | AV31: 600 | AW31: 1000 | AX31: 400 | AY31: 2000 | AZ31: 5.5 | BA31: 6 | BB31: 4.5 | BC31: 8.2 | BD31: 45 | BF31: 60 | BG31: 70 | BH31: 4300 | BI31: very bright | BJ31: very bright | BK31: very bright | BL31: cloudy skies | BM31: medium (50-150 cm) | BN31: shallow (20-50 cm) | BO31: heavy, medium, light | BP31: heavy, medium, light | BQ31: moderate | BR31: low | BU31: low (<4 dS/m) | BV31: high (>10 dS/m)) | BW31: well (dry spells) | BX31: poorly (saturated >50% of year), well (dry spells), excessive (dry/moderately dry) | BY31: -18 | BZ31: -1 | CA31: short day (<12 hours), neutral day (12-14 hours) | CB31: steppe or semiarid (Bs), temperate oceanic (Do), temperate continental (Dc) | CF31: large scale/commercial | CG31: 110 | CH31: 270 | CI31: 0.8 | CJ31: 2 | CK31: 0.1 | CL31: 0.2 | CM31: Annual/biennial grass | CN31: 1 | CO31: 6 | CP31: Low: marginal land; High: EU commercial (Germany avg ~4 t/ha) | CQ31: FAOSTAT QCL | CR31: 3 | CS31: 1 | CT31: 1 | CU31: 1 | CV31: 1 | CW31: 0 | CX31: 0 | CY31: 2 | CZ31: 1 | DA31: 120 | DB31: 40 | DC31: 60 | DD31: 15 | DE31: 10 | DF31: 0 | DG31: 0 | DH31: 200 | DI31: 30 | DJ31: EXT Germany; LIT | DK31: Grain (Cereal) Foods | DL31: 100 | DM31: ½ cup cooked rye berries (~100g); or 40g rye bread | DN31: S | DW31: S | DX31: P | DY31: P | DZ31: SA, VIC — similar to wheat harvest; Oct–Jan | EA31: NH: Jul–Aug (Germany, Poland) | EB31: Long Storage | EC31: Dry grain — cool/dry/dark, airtight | ED31: 12–36 months | EE31: 1 | EF31: 1–3 years
A32: Quinoa | B32: Grain | C32: Quinoa, uncooked | D32: 370.5 | E32: 12.9 | F32: 6.5 | G32: 58.6 | H32: 12 | I32: 47 | J32: 3.88 | K32: 188 | L32: 400 | M32: 563 | N32: 7 | O32: 3.27 | R32: 4.8 | S32: 1 | T32: 2.13 | U32: 0 | V32: 0.337 | W32: 0.023 | X32: 0 | Y32: 0.38 | Z32: 0 | AA32: 184 | AB32: 2509 | AC32: Chenopodium quinoa | AD32: Willd. | AE32: Magnoliopsida:Caryophyllidae:Caryophyllales:Chenopodiaceae | AG32: quinoa | AH32: quinoa, quinua, kiuna, jiura, quinhua, suba | AI32: suitable | AJ32: herb | AK32: erect | AL32: annual | AM32: COOL | AO32: cereals & pseudocereals, forage/pasture, vegetables, medicinals & aromatic | AP32: cereals & pseudocereals | AQ32: grown on small scale | AR32: 14 | AS32: 18 | AT32: 2 | AU32: 35 | AV32: 500 | AW32: 1000 | AX32: 250 | AY32: 2600 | AZ32: 5.5 | BA32: 8 | BB32: 4.5 | BC32: 9.5 | BF32: 30 | BG32: 40 | BH32: 4000 | BI32: very bright | BJ32: clear skies | BK32: very bright | BL32: cloudy skies | BM32: medium (50-150 cm) | BN32: shallow (20-50 cm) | BO32: heavy, medium, light | BP32: heavy, medium, light | BQ32: moderate | BR32: low | BU32: low (<4 dS/m) | BV32: medium (4-10 dS/m) | BW32: well (dry spells) | BX32: well (dry spells) | BY32: -8 | BZ32: -8 | CA32: short day (<12 hours), neutral day (12-14 hours), long day (>14 hours) | CB32: tropical wet & dry (Aw), desert or arid (Bw), steppe or semiarid (Bs), subtropical dry summer (Cs), temperate oceanic (Do), temperate continental (Dc), temperate with humid winters (Df), temperate with dry winters (Dw) | CG32: 90 | CH32: 240 | CI32: 0.9 | CJ32: 2.5 | CK32: 0.3 | CL32: 0.8 | CM32: Annual herb; pseudo-cereal | CN32: 0.5 | CO32: 4 | CP32: Low: Andean traditional; High: intensive Netherlands/Denmark | CQ32: FAO; FAOSTAT | CR32: 4 | CS32: 2 | CT32: 5 | CU32: 2 | CV32: 2 | CW32: 0 | CX32: 2 | CY32: 5 | CZ32: 5 | DA32: 120 | DB32: 60 | DC32: 200 | DD32: 20 | DE32: 15 | DF32: 0 | DG32: 20 | DH32: 300 | DI32: 120 | DJ32: FAO Andean; EXT Denmark; LIT | DK32: Grain (Cereal) Foods | DL32: 100 | DM32: ½ cup cooked quinoa (~100g) | DN32: S | DO32: P | DP32: P | DQ32: P | DR32: S | DZ32: Limited production; VIC/SA cool areas — summer/autumn crop | EA32: NH: Jul–Sep (Andes, Denmark) | EB32: Long Storage | EC32: Dry grain — cool/dry/dark, airtight | ED32: 24–36 months | EE32: 1 | EF32: 2–3 years
A33: Pistachio | B33: Nut | C33: Nut, pistachio, raw, unsalted | D33: 545.7 | E33: 17 | F33: 48.6 | G33: 7.8 | H33: 7.7 | I33: 98 | J33: 3.1 | K33: 120 | L33: 470 | M33: 1000 | N33: 0 | O33: 2.3 | P33: 0.97 | Q33: 1.3 | R33: 4.6 | S33: 35 | T33: 2.4 | U33: 0 | V33: 0.41 | W33: 0.17 | X33: 1.7 | Y33: 0.53 | Z33: 0 | AA33: 70 | AB33: 2386 | AC33: Pistacia vera | AD33: L. | AE33: Magnoliopsida:Rosidae:Sapindales:Anacardiaceae | AG33: Pistachio nut | AH33: Pistachio nut, green almond, pistache, pistachier, pistachio, pistacio, alfostico, alfostigueiro | AI33: suitable | AJ33: tree | AK33: erect | AL33: perennial | AN33: deciduous, single stem | AO33: fruits & nuts, materials, medicinals & aromatic | AP33: nuts | AQ33: grown on large scale | AR33: 25 | AS33: 35 | AT33: 12 | AU33: 40 | AV33: 400 | AW33: 700 | AX33: 250 | AY33: 1100 | AZ33: 7 | BA33: 8 | BB33: 6 | BC33: 8.5 | BD33: 25 | BE33: 25 | BF33: 35 | BG33: 35 | BH33: 1200 | BI33: very bright | BJ33: very bright | BK33: very bright | BL33: very bright | BM33: medium (50-150 cm) | BN33: shallow (20-50 cm) | BO33: medium, light | BP33: heavy, medium, light | BQ33: moderate | BR33: low | BU33: low (<4 dS/m) | BV33: medium (4-10 dS/m) | BW33: well (dry spells) | BX33: well (dry spells), excessive (dry/moderately dry) | BY33: -18 | BZ33: -1 | CA33: short day (<12 hours) | CB33: steppe or semiarid (Bs), subtropical dry summer (Cs), temperate oceanic (Do) | CF33: large scale/commercial | CG33: 150 | CH33: 180 | CI33: 5 | CJ33: 10 | CK33: 5 | CL33: 8 | CM33: Tree | CN33: 0.5 | CO33: 4 | CP33: Shell-on; alternate bearing; Iran/USA (California) | CQ33: FAOSTAT QCL; USDA | CR33: 0 | CS33: 0 | CT33: 4 | CU33: 4 | CV33: 6 | CW33: 8 | CX33: 5 | CY33: 5 | CZ33: 3 | DA33: 0 | DB33: 0 | DC33: 30 | DD33: 25 | DE33: 40 | DF33: 60 | DG33: 35 | DH33: 200 | DI33: 60 | DJ33: ERS pistachio; EXT California | DK33: Lean Meats, Eggs, Nuts, Seeds & Legumes | DL33: 30 | DM33: 30g pistachios (~49 kernels); occasional substitute | DN33: S | DO33: P | DP33: P | DQ33: S | DZ33: SA arid (Robinvale area), NT — harvested Feb–Mar | EA33: NH: Sep–Oct (Iran, California) | EB33: Long Storage | EC33: In-shell: cool/dry/dark | ED33: 6–12 months | EE33: 2 | EF33: 0.2–1 years
A34: Teff | B34: Grain | C34: Teff, uncooked | D34: 246.2 | E34: 13.3 | F34: 2.4 | G34: 38.4 | H34: 8 | I34: 180 | J34: 7.63 | K34: 184 | L34: 429 | M34: 427 | N34: 12 | O34: 3.63 | R34: 4.4 | S34: 1 | T34: 0.08 | U34: 0 | V34: 0.39 | W34: 0.27 | X34: 3.36 | Y34: 0.48 | Z34: 0 | AA34: 23 | AB34: 5746 | AC34: Eragrostis tef | AD34: (Zucc.) Trotter | AE34: Liliopsida:Commelinidae:Cyperales:Gramineae | AF34: Eragrostis pilosa (L.) P. Beauv. var. tef (Zucc.), Eragrostis pilosa (L.) P. Beauv. ssp. abyssinica (Jacq.), Eragrostis abyssinica (Jacq.), Cynodon abyssinicus (Jacq.), Poa cerealis, Poa abyssinica, Poa tef | AG34: tef | AH34: tef, tafi (Orom.), taf, teff, Williams lovegrass, chimanganga (Malawi), ndzungulu(Malawi) | AI34: suitable | AJ34: grass | AK34: erect | AL34: annual | AM34: COOL | AO34: cereals & pseudocereals, materials | AP34: cereals & pseudocereals | AQ34: grown on large scale | AR34: 22 | AS34: 28 | AT34: 2 | AU34: 30 | AV34: 600 | AW34: 1200 | AX34: 300 | AY34: 2500 | AZ34: 5.5 | BA34: 6.5 | BB34: 5 | BC34: 8.2 | BD34: 5 | BF34: 20 | BG34: 45 | BH34: 2800 | BI34: very bright | BJ34: very bright | BK34: very bright | BL34: clear skies | BM34: shallow (20-50 cm) | BN34: shallow (20-50 cm) | BO34: medium, light | BP34: heavy, medium, light | BQ34: moderate | BR34: low | BU34: low (<4 dS/m) | BV34: low (<4 dS/m) | BW34: well (dry spells) | BX34: poorly (saturated >50% of year), well (dry spells), excessive (dry/moderately dry) | CA34: short day (<12 hours), neutral day (12-14 hours), long day (>14 hours) | CB34: tropical wet & dry (Aw), steppe or semiarid (Bs), subtropical humid (Cf), subtropical dry summer (Cs), subtropical dry winter (Cw), temperate oceanic (Do), temperate continental (Dc), temperate with humid winters (Df), temperate with dry winters (Dw) | CD34: wind | CG34: 65 | CH34: 150 | CI34: 0.4 | CJ34: 1.2 | CK34: 0.1 | CL34: 0.2 | CM34: Annual grass; very fine | CN34: 0.5 | CO34: 2.5 | CP34: Ethiopia traditional to modern; drought-tolerant | CQ34: FAO; FAOSTAT | CR34: 8 | CS34: 3 | CT34: 5 | CU34: 2 | CV34: 1 | CW34: 0 | CX34: 1 | CY34: 10 | CZ34: 5 | DA34: 200 | DB34: 80 | DC34: 200 | DD34: 20 | DE34: 10 | DF34: 0 | DG34: 10 | DH34: 400 | DI34: 100 | DJ34: LIT Ethiopia; FAO — very fine seed, highly labour intensive | DK34: Grain (Cereal) Foods | DL34: 100 | DM34: ½ cup cooked teff (~100g); or injera ~40g | DO34: S | DP34: P | DQ34: P | DR34: S | DZ34: Limited Australian production; warm-season annual; autumn harvest | EA34: NH: Sep–Oct (Ethiopia — two seasons) | EB34: Long Storage | EC34: Dry grain — cool/dry/dark, airtight | ED34: 12–24 months | EE34: 1 | EF34: 1–2 years
A35: Date Palm | B35: Fruit | C35: Dates (Deglet Noor) | D35: 282 | E35: 2.45 | F35: 75.03 | G35: 8 | H35: 0.39 | I35: 39 | J35: 1.02 | K35: 43 | L35: 62 | M35: 656 | N35: 2 | O35: 0.29 | P35: 0.206 | Q35: 0.262 | R35: 3 | S35: 10 | T35: 0.05 | U35: 0.4 | V35: 0.052 | W35: 0.066 | X35: 1.274 | Y35: 0.165 | Z35: 0 | AA35: 19 | AB35: 1673 | AC35: Phoenix dactylifera | AD35: L. | AE35: Liliopsida:Arecidae:Arecales:Palmae | AF35: 0 | AG35: date palm | AH35: date palm, palmier dattier, datte, kajoor, Dattel, Dattelpalme, dattero, palma datilera, palm - date, tamar, al nakheel, pokok korma, korma | AI35: poorly suited | AJ35: tree | AK35: erect | AL35: perennial | AM35: 0 | AN35: evergreen, single stem | AO35: fruits & nuts | AP35: fruits & nuts | AQ35: grown on large scale | AR35: 26 | AS35: 45 | AT35: 10 | AU35: 52 | AV35: 200 | AW35: 300 | AX35: 100 | AY35: 400 | AZ35: 6.5 | BA35: 8 | BB35: 6 | BC35: 8.5 | BD35: 10 | BE35: 0 | BF35: 35 | BG35: 40 | BH35: 1500 | BI35: very bright | BJ35: very bright | BK35: very bright | BL35: very bright | BM35: deep (>>150 cm) | BN35: shallow (20-50 cm) | BO35: medium, light | BP35: heavy, medium, light, wide | BQ35: high | BR35: moderate | BS35: 0 | BT35: 0 | BU35: low (<4 dS/m) | BV35: high (>10 dS/m)) | BW35: well (dry spells) | BX35: well (dry spells), excessive (dry/moderately dry) | BY35: -15 | BZ35: -4 | CA35: short day (<12 hours) | CB35: desert or arid (Bw), steppe or semiarid (Bs), subtropical dry summer (Cs) | CC35: 0 | CD35: 0 | CE35: 0 | CF35: 0 | CG35: 365 | CH35: 365 | CI35: 15 | CJ35: 25 | CK35: 4 | CL35: 8 | CM35: Tall palm; frond spread | CN35: 5 | CO35: 20 | CP35: Low: traditional oasis; High: modern irrigated (Saudi/UAE) | CQ35: FAOSTAT QCL | CR35: 0 | CS35: 0 | CT35: 5 | CU35: 4 | CV35: 5 | CW35: 10 | CX35: 8 | CY35: 30 | CZ35: 10 | DA35: 0 | DB35: 0 | DC35: 40 | DD35: 25 | DE35: 35 | DF35: 80 | DG35: 60 | DH35: 500 | DI35: 150 | DJ35: FAO MENA; LIT — climbing/hand-pollination; long harvest | DK35: Fruit | DL35: 30 | DM35: 30g dried dates (≈4–5 dates); treat as dried fruit | DO35: S | DP35: P | DQ35: P | DR35: P | DS35: S | DZ35: Arid inland SA/NT/WA — Birdsville, Coober Pedy region; Feb–May harvest | EA35: NH: Sep–Nov (Middle East, North Africa) | EB35: Long Storage | EC35: Dried — cool dry shelf | ED35: 6–24 months | EE35: 4 | EF35: 0–2 months
A36: Rice (Wild) | B36: Grain | C36: Rice, wild, uncooked | D36: 359.7 | E36: 14.7 | F36: 1.1 | G36: 68.7 | H36: 6.2 | I36: 21 | J36: 1.96 | K36: 177 | L36: 433 | M36: 427 | N36: 7 | O36: 5.96 | R36: 2.8 | S36: 2 | T36: 0.82 | U36: 0 | V36: 0.115 | W36: 0.262 | X36: 6.73 | Y36: 0.39 | Z36: 0 | AA36: 95 | CI36: 1 | CJ36: 2.5 | CK36: 0.3 | CL36: 0.6 | CM36: Aquatic grass; Zizania | CN36: 0.3 | CO36: 1.5 | CP36: Aquatic grass; lower density than rice; Canada/USA | CQ36: USDA | CR36: 3 | CS36: 2 | CT36: 2 | CU36: 1 | CV36: 1 | CW36: 0 | CX36: 3 | CY36: 10 | CZ36: 3 | DA36: 80 | DB36: 60 | DC36: 100 | DD36: 10 | DE36: 10 | DF36: 0 | DG36: 40 | DH36: 300 | DI36: 60 | DJ36: LIT — aquatic; harvest highly labour intensive | DK36: Grain (Cereal) Foods | DL36: 100 | DM36: ½ cup cooked wild rice (~100g) | DO36: S | DP36: P | DQ36: P | DR36: S | DZ36: Very limited Australian production; summer crop like paddy rice | EA36: NH: Sep–Oct (Minnesota, Canada) | EB36: Long Storage | EC36: Dry grain — cool/dry/dark, airtight | ED36: 12–36 months | EE36: 2 | EF36: 1–3 years
A37: Walnut | B37: Nut | C37: Nut, walnut, raw, unsalted | D37: 694.1 | E37: 14.4 | F37: 69.2 | G37: 3 | H37: 6.4 | I37: 89 | J37: 2.5 | K37: 150 | L37: 370 | M37: 440 | N37: 3 | O37: 2.53 | P37: 1.4 | Q37: 3.2 | R37: 2 | S37: 4 | T37: 2.6 | U37: 0 | V37: 0.33 | W37: 0.18 | X37: 1.4 | Y37: 0.43 | Z37: 0 | AA37: 70 | AB37: 2315 | AC37: Juglans regia | AD37: L. | AE37: Magnoliopsida:Hamamelidae:Juglandales:Juglandaceae | AG37: walnut | AH37: walnut, walnut tree, Nussbaum, Walnussbaum, echte Walnuß, noce, noyer, nogal, valnød, almindelig valnød, valnöt, valnötsträd, äkta valnöt, Juglandis folium, Juglandis pericarpium, Juglandis disseptum | AI37: suitable | AJ37: tree | AK37: erect | AL37: perennial | AN37: deciduous, single stem | AO37: fruits & nuts, materials, ornamentals/turf, medicinals & aromatic, forest/wood | AP37: nuts | AQ37: grown on large scale | AR37: 15 | AS37: 30 | AT37: 7 | AU37: 40 | AV37: 800 | AW37: 1700 | AX37: 400 | AY37: 2200 | AZ37: 5.5 | BA37: 6.5 | BB37: 4.5 | BC37: 8.3 | BD37: 30 | BE37: 30 | BF37: 60 | BG37: 60 | BH37: 3650 | BI37: very bright | BJ37: very bright | BK37: very bright | BL37: cloudy skies | BM37: deep (>>150 cm) | BN37: deep (>>150 cm) | BO37: medium | BP37: heavy, medium, light | BQ37: high | BR37: moderate | BU37: low (<4 dS/m) | BV37: low (<4 dS/m) | BW37: well (dry spells) | BX37: well (dry spells) | BY37: -24 | BZ37: -2 | CA37: long day (>14 hours) | CB37: steppe or semiarid (Bs), subtropical dry summer (Cs), temperate oceanic (Do), temperate continental (Dc), temperate with humid winters (Df), temperate with dry winters (Dw) | CF37: large scale/commercial | CG37: 150 | CH37: 180 | CI37: 15 | CJ37: 25 | CK37: 10 | CL37: 20 | CM37: Large tree; Persian walnut | CN37: 0.5 | CO37: 5 | CP37: In-shell; China/USA (California) commercial; alternate bearing | CQ37: FAOSTAT QCL; USDA | CR37: 0 | CS37: 0 | CT37: 5 | CU37: 4 | CV37: 6 | CW37: 10 | CX37: 5 | CY37: 5 | CZ37: 5 | DA37: 0 | DB37: 0 | DC37: 40 | DD37: 25 | DE37: 40 | DF37: 80 | DG37: 35 | DH37: 200 | DI37: 80 | DJ37: ERS walnut; EXT California | DK37: Lean Meats, Eggs, Nuts, Seeds & Legumes | DL37: 30 | DM37: 30g walnuts (~14 halves); occasional substitute | DO37: S | DP37: P | DQ37: P | DR37: S | DZ37: VIC Ranges, NSW Southern Highlands, SA — March–April harvest | EA37: NH: Sep–Oct (China, California, France) | EB37: Long Storage | EC37: In-shell: cool/dry; shelled: refrigerate or freeze | ED37: 6–18 months | EE37: 4 | EF37: 0.2–1 years
A38: Pecan | B38: Nut | C38: Nut, pecan, raw, unsalted | D38: 710.6 | E38: 9.8 | F38: 71.9 | G38: 4.9 | H38: 8.4 | I38: 51 | J38: 2.4 | K38: 110 | L38: 290 | M38: 500 | N38: 3 | O38: 3.9 | P38: 0.41 | Q38: 5.1 | R38: 2 | S38: 4 | T38: 5.6 | U38: 1 | V38: 0.42 | W38: 0.18 | X38: 1.3 | Y38: 0.26 | Z38: 0 | AA38: 22 | AB38: 2231 | AC38: Carya illinoensis | AD38: (Wangenh.) C. Koch | AE38: Magnoliopsida:Hamamelidae:Juglandales:Juglandaceae | AF38: Hicoria pecan (Marsh.) Britt., Carya oliviformis (Michx. f.) Nutt., Carya pecan (Marsh.) Engl. & Graebn. | AG38: Pecan | AH38: Pecan | AI38: suitable | AJ38: tree | AK38: erect | AL38: perennial | AN38: deciduous, single stem | AO38: fruits & nuts, forest/wood | AP38: nuts | AQ38: grown on small scale | AR38: 15 | AS38: 35 | AT38: 5 | AU38: 40 | AV38: 600 | AW38: 1200 | AX38: 400 | AY38: 1800 | AZ38: 5.5 | BA38: 7 | BB38: 5 | BC38: 7.5 | BD38: 25 | BE38: 20 | BF38: 40 | BG38: 40 | BH38: 800 | BI38: very bright | BJ38: very bright | BK38: very bright | BL38: clear skies | BM38: deep (>>150 cm) | BN38: deep (>>150 cm) | BO38: medium, light | BP38: heavy, medium, light, organic | BQ38: high | BR38: moderate | BU38: low (<4 dS/m) | BV38: low (<4 dS/m) | BW38: well (dry spells) | BX38: well (dry spells) | BY38: -20 | BZ38: -1 | CA38: short day (<12 hours), neutral day (12-14 hours), long day (>14 hours) | CB38: steppe or semiarid (Bs), subtropical humid (Cf), subtropical dry summer (Cs), temperate oceanic (Do), temperate continental (Dc), temperate with humid winters (Df), temperate with dry winters (Dw) | CF38: home garden, small scale (manual) | CG38: 140 | CH38: 210 | CI38: 20 | CJ38: 45 | CK38: 12 | CL38: 25 | CM38: Large tree | CN38: 0.5 | CO38: 3.5 | CP38: In-shell; USA (Georgia/New Mexico) commercial | CQ38: USDA NASS; FAOSTAT | CR38: 0 | CS38: 0 | CT38: 5 | CU38: 4 | CV38: 8 | CW38: 8 | CX38: 5 | CY38: 5 | CZ38: 3 | DA38: 0 | DB38: 0 | DC38: 40 | DD38: 25 | DE38: 50 | DF38: 60 | DG38: 35 | DH38: 200 | DI38: 60 | DJ38: ERS pecan; EXT Georgia/Texas | DK38: Lean Meats, Eggs, Nuts, Seeds & Legumes | DL38: 30 | DM38: 30g pecans (~15 halves); occasional substitute | DO38: S | DP38: P | DQ38: P | DR38: S | DZ38: SA, QLD, NT — late summer–autumn harvest | EA38: NH: Oct–Nov (USA Georgia, Texas) | EB38: Long Storage | EC38: In-shell: cool/dry; shelled: freeze | ED38: 6–24 months | EE38: 4 | EF38: 0.2–1 years
A39: Broccolini | B39: Floret | C39: Broccolini, fresh, raw | D39: 29.2 | E39: 3.2 | F39: 0.4 | G39: 2 | H39: 2.5 | I39: 39 | J39: 0.78 | K39: 21 | L39: 61 | M39: 250 | N39: 16 | O39: 0.45 | P39: 0.074 | Q39: 0.21 | R39: 1.7 | S39: 50 | T39: 0.22 | U39: 12 | V39: 0.07 | W39: 0.08 | X39: 0 | Y39: 0.06 | Z39: 0 | AA39: 123 | AB39: 556 | AC39: Brassica oleracea var. italica | AD39: L. [Plenck] | AE39: Magnoliopsida:Dilleniidae:Capparales:Cruciferae | AF39: Brassica campestris var ruvo L., Brassica oleracae var botrytis cymosa L. | AG39: broccoli | AH39: broccoli, sprouting broccoli, spear cauliflower, calabrese, cape broccoli, winter, purple cauliflower, nine-star perennial broccoli | AI39: suitable | AJ39: herb | AK39: erect | AL39: biennial | AN39: single stem | AO39: vegetables | AP39: vegetables | AQ39: grown on small scale | AR39: 15 | AS39: 24 | AT39: 3 | AU39: 35 | AV39: 900 | AW39: 1500 | AX39: 350 | AY39: 2000 | AZ39: 6 | BA39: 6.8 | BB39: 5.5 | BC39: 8.5 | BD39: 35 | BF39: 55 | BG39: 60 | BH39: 2000 | BI39: cloudy skies | BJ39: cloudy skies | BK39: clear skies | BL39: light shade | BM39: medium (50-150 cm) | BN39: medium (50-150 cm) | BO39: medium, organic | BP39: heavy, medium, light | BQ39: high | BR39: moderate | BU39: low (<4 dS/m) | BV39: low (<4 dS/m) | BW39: well (dry spells) | BX39: well (dry spells) | BY39: -5 | BZ39: -1 | CA39: short day (<12 hours), neutral day (12-14 hours), long day (>14 hours) | CB39: tropical wet & dry (Aw), tropical wet (Ar), steppe or semiarid (Bs), subtropical humid (Cf), subtropical dry summer (Cs), subtropical dry winter (Cw), temperate oceanic (Do), temperate continental (Dc), temperate with humid winters (Df), temperate with dry winters (Dw) | CG39: 80 | CH39: 120 | CI39: 0.4 | CJ39: 0.8 | CK39: 0.3 | CL39: 0.5 | CM39: Annual brassica | CN39: 4 | CO39: 15 | CP39: Similar to broccoli but smaller heads | CQ39: Est. | CR39: 5 | CS39: 5 | CT39: 6 | CU39: 3 | CV39: 5 | CW39: 0 | CX39: 4 | CY39: 12 | CZ39: 8 | DA39: 140 | DB39: 130 | DC39: 200 | DD39: 25 | DE39: 40 | DF39: 0 | DG39: 40 | DH39: 350 | DI39: 120 | DJ39: NSWDPI; LIT — multiple cuts; similar to broccoli | DK39: Vegetables & Legumes | DL39: 75 | DM39: ½ cup cooked broccolini | DQ39: S | DR39: P | DS39: P | DT39: P | DU39: P | DV39: P | DW39: S | DZ39: Same season as broccoli — cool-season; May–Oct | EA39: NH: Oct–Mar | EB39: Short Storage | EC39: Refrigerate; blanch and freeze | ED39: 0 wks – 6 mo | EE39: 2 | EF39: 1–2 weeks
A40: Winged Bean | B40: Seed | C40: Winged Beans Immature Seeds Raw | D40: 49 | E40: 6.95 | F40: 4.31 | G40: 0 | H40: 0.87 | I40: 84 | J40: 1.5 | K40: 34 | L40: 37 | M40: 223 | N40: 4 | O40: 0.39 | P40: 0.051 | Q40: 0.218 | R40: 1.5 | S40: 128 | T40: 0 | U40: 18.3 | V40: 0.14 | W40: 0.1 | X40: 0.9 | Y40: 0.113 | Z40: 0 | AA40: 66 | AB40: 1807 | AC40: Psophocarpus tetragonolobus | AD40: (L.) DC. | AE40: Magnoliopsida:Rosidae:Fabales:Leguminosae | AF40: Psophocarpus tetragonolobus (Stickm.) DC., Psophocarpus longepedunculatus Hassk., Dolichos tetragonolobus L., Botor tetragonolobus (L.) Kuntze. | AG40: winged bean | AH40: winged bean, Goa bean, princess bean, four angled bean, asparagus bean, asparagus pea, princess-pea, supermarket bean, short day asparagus pea, pois asperge, pois carré, haricot ailé, pois ailé, dólico de Goa, frijol alado, judia careta, calamismi, flügelbohne, Goabohne, sikaku mame, pe saung ya, hto pong, ku bemya, si leng dou, si jiao dou, sz kok tau, Goabønne, ketjipir, Goanpapu, fagiolo quadrato, prâpiëy, thwàx ph'uu, kecipir, kethipir, ketjeepir, kachang botol, kacang botol, kacang kelisa, kachang botor, kacang botor, kacang sirek, kechang bolon, kachang belimbing, fava de cavalo, vingböna, segidilla, sigarilya, sigarillas, sigadillas, thua phuu, dau rong, kalamismis, kabey, asbin, as bin | AI40: suitable | AJ40: herb, vine | AK40: climber/scrambler/scadent | AL40: perennial | AM40: 0 | AN40: multi stem, C3 photosynthesis | AO40: pulses (grain legumes), roots/tubers, forage/pasture, vegetables, materials, cover crop, environmental | AP40: pulses (grain legumes) | AQ40: grown on small scale | AR40: 18 | AS40: 30 | AT40: 14 | AU40: 40 | AV40: 1000 | AW40: 2500 | AX40: 500 | AY40: 4100 | AZ40: 5.5 | BA40: 7 | BB40: 4.3 | BC40: 8.5 | BD40: 0 | BE40: 0 | BF40: 29 | BG40: 32 | BH40: 2000 | BI40: very bright | BJ40: clear skies | BK40: very bright | BL40: cloudy skies | BM40: deep (>>150 cm) | BN40: shallow (20-50 cm) | BO40: medium, organic | BP40: heavy, medium, light | BQ40: moderate | BR40: low | BS40: 0 | BT40: 0 | BU40: low (<4 dS/m) | BV40: low (<4 dS/m) | BW40: well (dry spells) | BX40: well (dry spells) | BY40: 3 | BZ40: 0 | CA40: short day (<12 hours), neutral day (12-14 hours) | CB40: tropical wet & dry (Aw), tropical wet (Ar), subtropical humid (Cf), subtropical dry summer (Cs), subtropical dry winter (Cw) | CC40: 0 | CD40: 0 | CE40: 0 | CF40: home garden, small scale (manual) | CG40: 50 | CH40: 270 | CI40: 2 | CJ40: 4 | CK40: 1 | CL40: 2 | CM40: Tropical perennial vine | CN40: 0.5 | CO40: 3 | CP40: Tropical legume; PNG/SE Asia; multiple edible parts | CQ40: FAO | CR40: 4 | CS40: 3 | CT40: 6 | CU40: 2 | CV40: 3 | CW40: 5 | CX40: 3 | CY40: 20 | CZ40: 5 | DA40: 130 | DB40: 70 | DC40: 200 | DD40: 20 | DE40: 25 | DF40: 60 | DG40: 30 | DH40: 400 | DI40: 80 | DJ40: FAO Papua; LIT | DK40: Lean Meats, Eggs, Nuts, Seeds & Legumes | DL40: 150 | DM40: 1 cup cooked winged beans (150g) | DO40: S | DP40: P | DQ40: P | DR40: P | DS40: S | DZ40: Tropical QLD — warm-season; Feb–May | EA40: NH: Oct–Dec (PNG, SE Asia) | EB40: Long Storage | EC40: Dry seed — cool/dry/dark | ED40: 12–24 months | EE40: 2 | EF40: 1–2 years
A41: Almond | B41: Nut | C41: Nut, almond, with skin, raw, unsalted | D41: 570.3 | E41: 19.7 | F41: 50.5 | G41: 5.4 | H41: 11 | I41: 267 | J41: 3.77 | K41: 268 | L41: 520 | M41: 789 | N41: 0 | O41: 3.55 | P41: 0.852 | Q41: 2.956 | R41: 1.5 | S41: 0 | T41: 27.75 | U41: 0 | V41: 0.19 | W41: 0.07 | X41: 4.5 | Y41: 0.09 | Z41: 0 | AA41: 37 | AB41: 2397 | AC41: Prunus amygdalus | AD41: Batsch. | AE41: Magnoliopsida:Rosidae:Rosales:Rosaceae | AF41: Prunus dulcis Miller, Prunus communis Arch., Amygdalus communis DC. | AG41: almond | AH41: almond, sweet almond, amandier, amendoeira, almendro | AI41: poorly suited | AJ41: tree | AK41: erect | AL41: perennial | AN41: deciduous, single stem | AO41: fruits & nuts, medicinals & aromatic | AP41: nuts | AQ41: grown on large scale | AR41: 12 | AS41: 35 | AT41: 10 | AU41: 40 | AV41: 600 | AW41: 900 | AX41: 250 | AY41: 1500 | AZ41: 6.5 | BA41: 7 | BB41: 5.5 | BC41: 8 | BI41: very bright | BJ41: very bright | BK41: very bright | BL41: very bright | BM41: medium (50-150 cm) | BN41: shallow (20-50 cm) | BO41: medium | BP41: medium, light | BQ41: moderate | BR41: moderate | BU41: low (<4 dS/m) | BV41: low (<4 dS/m) | BW41: well (dry spells) | BX41: well (dry spells), excessive (dry/moderately dry) | BY41: -5 | BZ41: -1 | CA41: short day (<12 hours), neutral day (12-14 hours), long day (>14 hours) | CB41: desert or arid (Bw), steppe or semiarid (Bs), subtropical dry summer (Cs), temperate oceanic (Do), temperate continental (Dc), temperate with humid winters (Df), temperate with dry winters (Dw) | CF41: home garden, large scale/commercial | CG41: 150 | CH41: 240 | CI41: 4 | CJ41: 10 | CK41: 4 | CL41: 8 | CM41: Tree | CN41: 0.5 | CO41: 5 | CP41: In-shell; Low: dryland Spain; High: irrigated California | CQ41: FAOSTAT QCL; USDA | CR41: 0 | CS41: 0 | CT41: 5 | CU41: 4 | CV41: 8 | CW41: 10 | CX41: 6 | CY41: 5 | CZ41: 3 | DA41: 0 | DB41: 0 | DC41: 40 | DD41: 25 | DE41: 50 | DF41: 80 | DG41: 40 | DH41: 200 | DI41: 60 | DJ41: ERS almond 2022; EXT California — mech shake-and-sweep harvest | DK41: Lean Meats, Eggs, Nuts, Seeds & Legumes | DL41: 30 | DM41: 30g almonds (~23 almonds); occasional substitute | DN41: S | DO41: P | DP41: P | DQ41: S | DZ41: Riverland SA, Sunraysia VIC — harvested Feb–Mar (hull split triggers harvest) | EA41: NH: Aug–Sep (California dominant; Spain) | EB41: Long Storage | EC41: In-shell: cool/dry/dark; shelled: refrigerate or freeze | ED41: 6–24 months | EE41: 3 | EF41: 0.5–2 years
A42: Pigeon Pea | B42: Seed | C42: Pigeonpeas Immature Seeds Raw | D42: 136 | E42: 7.2 | F42: 23.88 | G42: 5.1 | H42: 1.64 | I42: 42 | J42: 1.6 | K42: 68 | L42: 127 | M42: 552 | N42: 5 | O42: 1.04 | P42: 0.134 | Q42: 0.574 | R42: 1.5 | S42: 67 | T42: 0.39 | U42: 39 | V42: 0.4 | W42: 0.17 | X42: 2.2 | Y42: 0.068 | Z42: 0 | AA42: 173 | AB42: 576 | AC42: Cajanus cajan | AD42: (L.) Millsp. | AE42: Magnoliopsida:Rosidae:Fabales:Leguminosae | AF42: Cajanus bicolor DC., Cajanus flavus DC., Cajanus indicus Sprengel, Cajanus indicus var. bicolor (DC.) Kuntze, Cajanus indicus var. flavus (DC.) Kuntze, Cajanus indicus var. maculatus Kuntze, Cajanus luteus Bello, Cytisus cajan L., Cajanus cajan forma bicolor (DC.) Baker, Cajanus cajan var. bicolor (DC.) Purseglove, Cajanus cajan var. flavus (DC.) Purseglove, Cajanus obcordifolia D.N.Singh, Cajanus pseudocajan (Jacq.) Schinz & Guillaumin | AG42: congo pea | AH42: congo pea, pigeon pea, frijol de arbol, gandul, gandures, guandul, guand, guandú, kumanda yvyra'í (Paraguay), gungo pea, lenteja, pigeon pea bush, pois cajan, pois congo, pois d'angole, pois d'angolie, Pigeonerbse, pwa angole, arhar, quinchonchillo, quinchoncho, thuvarai, duiweboon | AI42: suitable | AJ42: shrub | AK42: prostrate/procumbent/semi-erect | AL42: perennial | AM42: 0 | AN42: multi stem, C3 photosynthesis | AO42: vegetables | AP42: vegetables | AQ42: grown on large scale | AR42: 18 | AS42: 38 | AT42: 10 | AU42: 45 | AV42: 600 | AW42: 1500 | AX42: 400 | AY42: 4000 | AZ42: 5 | BA42: 7 | BB42: 4.5 | BC42: 8.4 | BD42: 0 | BE42: 0 | BF42: 25 | BG42: 30 | BH42: 3000 | BI42: very bright | BJ42: very bright | BK42: very bright | BL42: clear skies | BM42: deep (>>150 cm) | BN42: medium (50-150 cm) | BO42: medium, light | BP42: heavy, medium, light | BQ42: moderate | BR42: low | BS42: 0 | BT42: 0 | BU42: low (<4 dS/m) | BV42: 0 | BW42: well (dry spells) | BX42: well (dry spells), excessive (dry/moderately dry) | BY42: 0 | BZ42: 0 | CA42: short day (<12 hours), neutral day (12-14 hours) | CB42: tropical wet & dry (Aw), tropical wet (Ar), steppe or semiarid (Bs), subtropical humid (Cf), subtropical dry summer (Cs), subtropical dry winter (Cw) | CC42: 0 | CD42: 0 | CE42: 0 | CF42: 0 | CG42: 90 | CH42: 365 | CI42: 1 | CJ42: 4 | CK42: 1 | CL42: 3 | CM42: Perennial shrub; short-lived | CN42: 0.5 | CO42: 3 | CP42: Dry seed; India dominant (80%+ global); drought-tolerant | CQ42: FAOSTAT QCL | CR42: 5 | CS42: 3 | CT42: 8 | CU42: 2 | CV42: 3 | CW42: 2 | CX42: 2 | CY42: 10 | CZ42: 5 | DA42: 140 | DB42: 70 | DC42: 250 | DD42: 20 | DE42: 30 | DF42: 20 | DG42: 20 | DH42: 350 | DI42: 80 | DJ42: FAO India; CGIAR; LIT | DK42: Lean Meats, Eggs, Nuts, Seeds & Legumes | DL42: 150 | DM42: 1 cup cooked pigeon peas (150g) | DQ42: S | DR42: P | DS42: P | DT42: P | DU42: S | DZ42: Tropical QLD — perennial legume; harvested dry season (green pods or dry) | EA42: NH: Nov–Jan (India, Caribbean) | EB42: Long Storage | EC42: Dry seed — cool/dry/dark | ED42: 12–24 months | EE42: 2 | EF42: 1–2 years
A43: Celery | B43: Stalk | C43: Celery, fresh, raw | D43: 17.7 | E43: 0.6 | F43: 0.1 | G43: 1.8 | H43: 1.6 | I43: 44 | J43: 0.22 | K43: 11 | L43: 28 | M43: 291 | N43: 90 | O43: 0.19 | P43: 0.025 | Q43: 0.14 | R43: 1.5 | S43: 10 | T43: 0.01 | U43: 4 | V43: 0.025 | W43: 0.025 | X43: 0.2 | Y43: 0.04 | Z43: 0 | AA43: 23 | AB43: 432 | AC43: Apium graveolens var. dulce | AD43: L. | AE43: Magnoliopsida:Rosidae:Apiales:Umbelliferae | AG43: celery | AH43: celery | AI43: suitable | AJ43: herb | AK43: erect, acaulescent (or rosette plants) | AL43: annual, biennial | AM43: COOL | AN43: single stem | AO43: vegetables, materials | AP43: vegetables | AQ43: grown on small scale | AR43: 18 | AS43: 25 | AT43: 4 | AU43: 28 | AV43: 1000 | AW43: 1300 | AX43: 300 | AY43: 2800 | AZ43: 5.8 | BA43: 6.8 | BB43: 4.5 | BC43: 8.3 | BD43: 20 | BE43: 10 | BF43: 55 | BG43: 60 | BH43: 2000 | BI43: very bright | BJ43: clear skies | BK43: very bright | BL43: cloudy skies | BM43: medium (50-150 cm) | BN43: shallow (20-50 cm) | BO43: medium, organic | BP43: heavy, medium, light, organic | BQ43: high | BR43: moderate | BU43: low (<4 dS/m) | BV43: low (<4 dS/m) | BW43: well (dry spells) | BX43: well (dry spells) | BY43: -5 | BZ43: -1 | CA43: long day (>14 hours) | CB43: tropical wet & dry (Aw), steppe or semiarid (Bs), subtropical dry summer (Cs), temperate oceanic (Do), temperate continental (Dc), temperate with humid winters (Df), temperate with dry winters (Dw), boreal (E) | CF43: home garden, small scale (manual) | CG43: 80 | CH43: 160 | CI43: 0.5 | CJ43: 1 | CK43: 0.3 | CL43: 0.5 | CM43: Biennial herb | CN43: 10 | CO43: 70 | CP43: Low: field; High: intensive commercial (USA/UK) | CQ43: FAOSTAT QCL; HDC | CR43: 5 | CS43: 8 | CT43: 8 | CU43: 4 | CV43: 5 | CW43: 0 | CX43: 6 | CY43: 12 | CZ43: 8 | DA43: 140 | DB43: 200 | DC43: 250 | DD43: 30 | DE43: 40 | DF43: 0 | DG43: 60 | DH43: 350 | DI43: 150 | DJ43: ERS; AHDB HDC; NSWDPI | DK43: Vegetables & Legumes | DL43: 75 | DM43: 1 cup raw celery (2–3 stalks) | DQ43: S | DR43: P | DS43: P | DT43: P | DU43: P | DV43: P | DW43: S | DX43: S | DZ43: VIC Maribyrnong Valley, NSW — cool-season peak; available most of year | EA43: NH: Oct–Feb (USA, Spain) | EB43: Medium Storage | EC43: Refrigerate wrapped; freeze | ED43: 2 wks – 2 mo | EE43: 1 | EF43: 0–2 months
A44: Hyacinth Bean | B44: Seed | C44: Hyacinth-Beans Immature Seeds Raw | D44: 46 | E44: 2.1 | F44: 9.19 | G44: 3.3 | H44: 0.2 | I44: 50 | J44: 0.74 | K44: 40 | L44: 49 | M44: 252 | N44: 2 | O44: 0.37 | P44: 0.047 | Q44: 0.205 | R44: 1.5 | S44: 864 | T44: 0.51 | U44: 12.9 | V44: 0.077 | W44: 0.092 | X44: 0.52 | Y44: 0.024 | Z44: 0 | AA44: 62 | AB44: 0 | AC44: 0 | AD44: 0 | AE44: 0 | AF44: 0 | AG44: 0 | AH44: 0 | AI44: 0 | AJ44: 0 | AK44: 0 | AL44: 0 | AM44: 0 | AN44: 0 | AO44: 0 | AP44: 0 | AQ44: 0 | AR44: 0 | AS44: 0 | AT44: 0 | AU44: 0 | AV44: 0 | AW44: 0 | AX44: 0 | AY44: 0 | AZ44: 0 | BA44: 0 | BB44: 0 | BC44: 0 | BD44: 0 | BE44: 0 | BF44: 0 | BG44: 0 | BH44: 0 | BI44: 0 | BJ44: 0 | BK44: 0 | BL44: 0 | BM44: 0 | BN44: 0 | BO44: 0 | BP44: 0 | BQ44: 0 | BR44: 0 | BS44: 0 | BT44: 0 | BU44: 0 | BV44: 0 | BW44: 0 | BX44: 0 | BY44: 0 | BZ44: 0 | CA44: 0 | CB44: 0 | CC44: 0 | CD44: 0 | CE44: 0 | CF44: 0 | CG44: 0 | CH44: 0 | CI44: 2 | CJ44: 6 | CK44: 1 | CL44: 3 | CM44: Annual vine; climbing | CN44: 0.5 | CO44: 3 | CP44: Dry seed; tropical subsistence legume | CQ44: FAO | CR44: 4 | CS44: 3 | CT44: 8 | CU44: 2 | CV44: 3 | CW44: 5 | CX44: 3 | CY44: 15 | CZ44: 5 | DA44: 130 | DB44: 70 | DC44: 250 | DD44: 20 | DE44: 25 | DF44: 50 | DG44: 30 | DH44: 400 | DI44: 80 | DJ44: FAO Asia; LIT tropical legume | DK44: Lean Meats, Eggs, Nuts, Seeds & Legumes | DL44: 150 | DM44: 1 cup cooked hyacinth beans (150g); must be cooked | DN44: S | DO44: P | DP44: P | DQ44: P | DR44: S | DZ44: Tropical QLD/NT — warm-season vine; Jan–Apr | EA44: NH: Sep–Nov (India, SE Asia) | EB44: Long Storage | EC44: Dry seed — cool/dry/dark | ED44: 12–24 months | EE44: 2 | EF44: 1–2 years
A45: Soybean | B45: Seed | C45: Soybeans Green Cooked Boiled Drained With Salt | D45: 141 | E45: 12.35 | F45: 11.05 | G45: 4.2 | H45: 6.4 | I45: 145 | J45: 2.5 | K45: 60 | L45: 158 | M45: 539 | N45: 250 | O45: 0.91 | P45: 0.117 | Q45: 0.502 | R45: 1.4 | S45: 156 | T45: 0 | U45: 17 | V45: 0.26 | W45: 0.155 | X45: 1.25 | Y45: 0.06 | Z45: 0 | AA45: 111 | AB45: 1150 | AC45: Glycine max | AD45: (L.) Merrill. | AE45: Magnoliopsida:Rosidae:Fabales:Leguminosae | AF45: Dolichos soja L., Glycine gracilis Skvortzov, Glycine hispida (Moench) Maxim., Phaseolus max L., Soja angustifolia Miq., Soja hispida Moench, Soja japonica Savi, Soja max (L.) Piper, Soja viridis Savi | AG45: soya bean | AH45: soya bean, soyabean, soybean, soya, sojaboon, sojaplant, sojaboontjie, fejao soja, soja, dadou, soia piini, bean - soya, Sojabohne | AI45: suitable | AJ45: herb | AK45: erect | AL45: annual | AM45: WARM | AN45: 0 | AO45: pulses (grain legumes) | AP45: pulses (grain legumes) | AQ45: grown on large scale | AR45: 20 | AS45: 33 | AT45: 10 | AU45: 38 | AV45: 600 | AW45: 1500 | AX45: 450 | AY45: 1800 | AZ45: 5.5 | BA45: 6.5 | BB45: 4.5 | BC45: 8.4 | BD45: 0 | BE45: 0 | BF45: 47 | BG45: 52 | BH45: 3000 | BI45: very bright | BJ45: very bright | BK45: very bright | BL45: clear skies | BM45: medium (50-150 cm) | BN45: shallow (20-50 cm) | BO45: medium, organic | BP45: heavy, medium, light | BQ45: high | BR45: low | BS45: 0 | BT45: 0 | BU45: low (<4 dS/m) | BV45: medium (4-10 dS/m) | BW45: well (dry spells) | BX45: poorly (saturated >50% of year), well (dry spells), excessive (dry/moderately dry) | BY45: 0 | BZ45: 0 | CA45: short day (<12 hours) | CB45: tropical wet & dry (Aw), steppe or semiarid (Bs), subtropical dry summer (Cs) | CC45: 0 | CD45: 0 | CE45: 0 | CF45: 0 | CG45: 75 | CH45: 180 | CI45: 0.5 | CJ45: 1.5 | CK45: 0.2 | CL45: 0.5 | CM45: Annual; erect herb | CN45: 1.5 | CO45: 5 | CP45: Dry seed; Low: Brazil smallholder; High: USA/Brazil intensive | CQ45: FAOSTAT QCL | CR45: 3 | CS45: 1 | CT45: 2 | CU45: 1 | CV45: 1 | CW45: 0 | CX45: 1 | CY45: 2 | CZ45: 1 | DA45: 120 | DB45: 50 | DC45: 100 | DD45: 15 | DE45: 15 | DF45: 0 | DG45: 10 | DH45: 200 | DI45: 40 | DJ45: ERS soybean 2021; FINBIN; LIT | DK45: Lean Meats, Eggs, Nuts, Seeds & Legumes | DL45: 150 | DM45: 1 cup cooked soybeans / edamame (150g) | DO45: S | DP45: P | DQ45: P | DR45: S | DZ45: Northern NSW, QLD — warm-season legume; Feb–May harvest | EA45: NH: Sep–Oct (USA, Brazil) | EB45: Long Storage | EC45: Dry seed — cool/dry/dark, airtight | ED45: 12–36 months | EE45: 2 | EF45: 1–3 years
A46: Tamarind | B46: Pod/Pulp | C46: Tamarinds | D46: 239 | E46: 2.8 | F46: 62.5 | G46: 5.1 | H46: 0.6 | I46: 74 | J46: 2.8 | K46: 92 | L46: 113 | M46: 628 | N46: 28 | O46: 0.1 | P46: 0.086 | Q46: 0 | R46: 1.3 | S46: 30 | T46: 0.1 | U46: 3.5 | V46: 0.428 | W46: 0.152 | X46: 1.938 | Y46: 0.066 | Z46: 0 | AA46: 14 | AB46: 2047 | AC46: Tamarindus indica | AD46: L. | AE46: Magnoliopsida:Rosidae:Fabales:Leguminosae | AF46: Tamarindus occidentalis Gaertn. Fruct. 2000, Tamarindus officinalis Hook., Tamarindus umbrosa Salisb. | AG46: tamarind | AH46: tamarind, Indian date, Madeira mahogany, camalindo, sampaloc, tamarin, tamarindo, tamarainer, tamarindier, ardeib, tamarindeiro, tamarinho, tamarineiro, tamarinheiro, tamanha, jubai', tamarinde, tamarindizio, ambli, amli, imli, amalika, tintiff, tintul, tetul, chinch, chitz, asam jawa, assam, tambaring, chinta, sitta, pulian, tetili, salomagi, sampalok, kalamagi, makham, bakham, somkham, humer, masika, dakar (Senegal), ukwaju, arabeb, b/roka, racahu, dereho, dindie, ghroma, gianko, omar, aradeib, tamarihindi, shekere, kuashi, danufi, daharg, dakah, dakhar, ndakhar, roka, hemor, homor, humar, komar, tommar, siyambala, maha, mushishi, mkwaju, ol-masamburai, mwemba, hamar, khaam, mak kham, puli, magyi, magyee, majee-pen, tamarenn, 'am' pul, ampil, khoua me, kham, me, trai me, ttri, titis, paun, dabe, jammeh, jammi, homar, roka (Galinya), ragai (Soddu), tamarind-hendi, Rogo'ota (Konsogna), Koria (Wolayetgna) | AI46: suitable | AJ46: tree | AK46: erect | AL46: perennial | AM46: 0 | AN46: single stem | AO46: fruits & nuts, materials, ornamentals/turf, medicinals & aromatic, forest/wood | AP46: fruits & nuts | AQ46: grown on large scale, harvested from wild | AR46: 20 | AS46: 35 | AT46: 12 | AU46: 45 | AV46: 800 | AW46: 3000 | AX46: 300 | AY46: 4500 | AZ46: 5.5 | BA46: 6.5 | BB46: 4.5 | BC46: 8.5 | BD46: 0 | BE46: 0 | BF46: 15 | BG46: 20 | BH46: 1500 | BI46: very bright | BJ46: clear skies | BK46: very bright | BL46: light shade | BM46: deep (>>150 cm) | BN46: shallow (20-50 cm) | BO46: medium, light | BP46: heavy, medium, light | BQ46: moderate | BR46: low | BS46: 0 | BT46: 0 | BU46: low (<4 dS/m) | BV46: high (>10 dS/m)) | BW46: well (dry spells) | BX46: well (dry spells), excessive (dry/moderately dry) | BY46: -3 | BZ46: -1 | CA46: short day (<12 hours), neutral day (12-14 hours), long day (>14 hours) | CB46: tropical wet & dry (Aw), steppe or semiarid (Bs), subtropical humid (Cf), subtropical dry summer (Cs) | CC46: 0 | CD46: 0 | CE46: 0 | CF46: home garden, large scale/commercial | CG46: 70 | CH46: 210 | CI46: 10 | CJ46: 25 | CK46: 8 | CL46: 20 | CM46: Large long-lived tree | CN46: 2 | CO46: 10 | CP46: Yield in pod; India/Thailand | CQ46: FAO | CR46: 0 | CS46: 0 | CT46: 5 | CU46: 3 | CV46: 3 | CW46: 8 | CX46: 4 | CY46: 15 | CZ46: 8 | DA46: 0 | DB46: 0 | DC46: 40 | DD46: 15 | DE46: 20 | DF46: 60 | DG46: 30 | DH46: 250 | DI46: 100 | DJ46: FAO India; LIT | DK46: Fruit | DL46: 30 | DM46: 30g tamarind paste/pulp — used as condiment | DU46: S | DV46: P | DW46: P | DX46: P | DY46: S | DZ46: Tropical QLD/NT — dry season harvest; Aug–Dec | EA46: NH: Feb–Apr (India, Thailand, Mexico) | EB46: Long Storage | EC46: Paste or block — cool dry shelf | ED46: 6–18 months | EE46: 5 | EF46: 1–2 weeks
A47: Turnip | B47: Leaf | C47: Turnip Greens | D47: 32 | E47: 1.5 | F47: 7.13 | G47: 3.2 | H47: 0.3 | I47: 190 | J47: 1.1 | K47: 31 | L47: 42 | M47: 296 | N47: 40 | O47: 0.19 | P47: 0.35 | Q47: 0.466 | R47: 1.2 | S47: 11587 | T47: 2.86 | U47: 60 | V47: 0.07 | W47: 0.1 | X47: 0.6 | Y47: 0.263 | Z47: 0 | AA47: 194 | AB47: 0 | AC47: 0 | AD47: 0 | AE47: 0 | AF47: 0 | AG47: 0 | AH47: 0 | AI47: 0 | AJ47: 0 | AK47: 0 | AL47: 0 | AM47: 0 | AN47: 0 | AO47: 0 | AP47: 0 | AQ47: 0 | AR47: 0 | AS47: 0 | AT47: 0 | AU47: 0 | AV47: 0 | AW47: 0 | AX47: 0 | AY47: 0 | AZ47: 0 | BA47: 0 | BB47: 0 | BC47: 0 | BD47: 0 | BE47: 0 | BF47: 0 | BG47: 0 | BH47: 0 | BI47: 0 | BJ47: 0 | BK47: 0 | BL47: 0 | BM47: 0 | BN47: 0 | BO47: 0 | BP47: 0 | BQ47: 0 | BR47: 0 | BS47: 0 | BT47: 0 | BU47: 0 | BV47: 0 | BW47: 0 | BX47: 0 | BY47: 0 | BZ47: 0 | CA47: 0 | CB47: 0 | CC47: 0 | CD47: 0 | CE47: 0 | CF47: 0 | CG47: 0 | CH47: 0 | CI47: 0.3 | CJ47: 0.6 | CK47: 0.2 | CL47: 0.4 | CM47: Annual/biennial root vegetable | CN47: 15 | CO47: 60 | CP47: Root yield; UK/EU commercial | CQ47: HDC UK; FAOSTAT | CR47: 4 | CS47: 2 | CT47: 5 | CU47: 2 | CV47: 2 | CW47: 0 | CX47: 2 | CY47: 5 | CZ47: 3 | DA47: 120 | DB47: 50 | DC47: 160 | DD47: 20 | DE47: 15 | DF47: 0 | DG47: 20 | DH47: 220 | DI47: 60 | DJ47: AHDB HDC; LIT | DK47: Vegetables & Legumes | DL47: 75 | DM47: ½ cup cooked turnip | DQ47: S | DR47: P | DS47: P | DT47: P | DU47: P | DV47: P | DW47: S | DZ47: Cool-season root; VIC/NSW/SA — Apr–Oct | EA47: NH: Oct–Mar (Japan, UK) | EB47: Long Storage | EC47: Cool/moist cellar or leave in ground | ED47: 2–5 months | EE47: 1 | EF47: 1–5 months
A48: Bean (Broad/Fava) | B48: Seed | C48: Bean, broad, fresh, raw | D48: 56.2 | E48: 6.9 | F48: 0.5 | G48: 2.2 | H48: 7.1 | I48: 17 | J48: 1.9 | K48: 30 | L48: 95 | M48: 250 | N48: 4 | O48: 1.2 | R48: 1.2 | S48: 34 | T48: 0 | U48: 41 | V48: 0.2 | W48: 0.34 | X48: 2 | Y48: 0.04 | Z48: 0 | AA48: 96 | AB48: 1666 | AC48: Phaseolus lunatus | AD48: L. | AE48: Magnoliopsida:Rosidae:Fabales:Leguminosae | AF48: Phaseolus bipunctatus Jacq., Phaseolus inamoenus L., Phaseolus limensis Macfad., Phaseolus portoricensis Sprengel, Phaseolus puberulus Kunth, Phaseolus saccharatus Macfad., Phaseolus xuaresii Zuccagni | AG48: broad bean | AH48: broad bean, butter bean, lima bean, caraota de a€o, frijol de media luna, frijol de monte, frijol de ratón, frijolillo, gros pois, candou, guaracara, haba, haricot de sieva, pira de a€o, bean - broad | AI48: poorly suited | AJ48: herb | AK48: prostrate/procumbent/semi-erect, climber/scrambler/scadent | AL48: annual, perennial | AM48: WARM | AN48: single stem, C3 photosynthesis | AO48: pulses (grain legumes), forage/pasture, vegetables, ornamentals/turf, medicinals & aromatic | AP48: pulses (grain legumes) | AQ48: grown on large scale, grown on small scale, harvested from wild | AR48: 16 | AS48: 28 | AT48: 13 | AU48: 34 | AV48: 900 | AW48: 1500 | AX48: 400 | AY48: 4300 | AZ48: 5.5 | BA48: 7 | BB48: 4.5 | BC48: 8.4 | BF48: 20 | BG48: 60 | BH48: 2800 | BI48: very bright | BJ48: clear skies | BK48: very bright | BL48: cloudy skies | BM48: deep (>>150 cm) | BN48: medium (50-150 cm) | BO48: medium | BP48: medium, light | BQ48: moderate | BR48: low | BU48: low (<4 dS/m) | BV48: low (<4 dS/m) | BW48: well (dry spells) | BX48: well (dry spells) | CA48: short day (<12 hours), neutral day (12-14 hours) | CB48: tropical wet & dry (Aw), tropical wet (Ar), steppe or semiarid (Bs), subtropical humid (Cf), subtropical dry summer (Cs), subtropical dry winter (Cw), temperate oceanic (Do), temperate continental (Dc), temperate with humid winters (Df), temperate with dry winters (Dw) | CF48: home garden, large scale/commercial | CG48: 60 | CH48: 365 | CI48: 0.6 | CJ48: 1.8 | CK48: 0.2 | CL48: 0.5 | CM48: Annual; upright or climbing | CN48: 1.5 | CO48: 7 | CP48: Dry seed; Low: subsistence; High: UK/Australia commercial | CQ48: FAOSTAT QCL; HDC | CR48: 3 | CS48: 2 | CT48: 4 | CU48: 1 | CV48: 2 | CW48: 0 | CX48: 2 | CY48: 5 | CZ48: 3 | DA48: 120 | DB48: 60 | DC48: 150 | DD48: 15 | DE48: 20 | DF48: 0 | DG48: 20 | DH48: 300 | DI48: 60 | DJ48: AHDB HDC; NSWDPI; LIT | DK48: Lean Meats, Eggs, Nuts, Seeds & Legumes | DL48: 150 | DM48: 1 cup cooked broad beans (150g) | DV48: S | DW48: P | DX48: P | DY48: S | DZ48: SA, VIC, WA — cool-season; planted autumn, harvested Sep–Nov; frost-tolerant | EA48: NH: Apr–Jun (UK, Europe, Egypt) | EB48: Long Storage | EC48: Dry seed — cool/dry/dark | ED48: 12–24 months | EE48: 3 | EF48: 1–2 years
A49: Kiwifruit (Green) | B49: Fruit | C49: Kiwifruit, green (hayward), peeled, raw | D49: 55 | E49: 1.2 | F49: 0.7 | G49: 9.1 | H49: 3 | I49: 28 | J49: 0.26 | K49: 15 | L49: 31 | M49: 279 | N49: 2 | O49: 0.1 | P49: 0.132 | Q49: 0.13 | R49: 1.1 | S49: 9 | T49: 1.08 | U49: 85 | V49: 0 | W49: 0.05 | X49: 0 | Y49: 0.36 | Z49: 0 | AA49: 32 | AB49: 889 | AC49: Actinidia chinensis | AE49: Magnoliopsida:Dilleniidae:Ericales:Actinidiaceae | AG49: Chinese gooseberry | AH49: Chinese gooseberry, Kiwifruit | AI49: poorly suited | AJ49: vine, shrub | AK49: climber/scrambler/scadent | AL49: perennial | AN49: deciduous, single stem | AO49: fruits & nuts | AP49: fruits & nuts | AQ49: grown on large scale | AR49: 21 | AS49: 30 | AT49: 8 | AU49: 35 | AV49: 900 | AW49: 1300 | AX49: 700 | AY49: 1500 | AZ49: 6 | BA49: 7 | BB49: 5.5 | BC49: 7.5 | BD49: 25 | BE49: 25 | BF49: 45 | BG49: 45 | BH49: 1500 | BI49: very bright | BJ49: very bright | BK49: very bright | BL49: clear skies | BM49: deep (>>150 cm) | BN49: medium (50-150 cm) | BO49: light, organic | BP49: medium, light | BQ49: high | BR49: moderate | BU49: low (<4 dS/m) | BV49: low (<4 dS/m) | BW49: well (dry spells) | BX49: well (dry spells) | BY49: -9 | BZ49: -1 | CA49: short day (<12 hours), neutral day (12-14 hours), long day (>14 hours) | CB49: subtropical humid (Cf), subtropical dry summer (Cs), subtropical dry winter (Cw), temperate oceanic (Do), temperate continental (Dc), temperate with humid winters (Df), temperate with dry winters (Dw) | CG49: 210 | CH49: 330 | CI49: 0.3 | CJ49: 0.5 | CK49: 3 | CL49: 6 | CM49: Vine; height of cane on trellis; spread is trained length | CN49: 8 | CO49: 35 | CP49: NZ: ~30 t/ha commercial; Italy/China lower | CQ49: FAOSTAT QCL | CR49: 0 | CS49: 0 | CT49: 6 | CU49: 4 | CV49: 6 | CW49: 30 | CX49: 5 | CY49: 35 | CZ49: 10 | DA49: 0 | DB49: 0 | DC49: 50 | DD49: 25 | DE49: 40 | DF49: 200 | DG49: 35 | DH49: 500 | DI49: 100 | DJ49: NZ Horticulture; ERS; NSWDPI | DK49: Fruit | DL49: 150 | DM49: 2 small kiwifruit | DQ49: S | DR49: P | DS49: P | DT49: P | DU49: S | DZ49: Tropical QLD, NSW Northern Rivers — Apr–Aug; peak May–Jul | EA49: NH: Nov–Jan (New Zealand/Italy) | EB49: Medium Storage | EC49: Refrigerate | ED49: 1–4 months | EE49: 1 | EF49: 1–4 months
A50: Rhubarb | B50: Stalk | C50: Rhubarb, stalk, raw | D50: 22.5 | E50: 1.5 | F50: 0.2 | G50: 1.7 | H50: 2.2 | I50: 26 | J50: 0.3 | K50: 10 | L50: 14 | M50: 130 | N50: 12 | O50: 0.3 | R50: 1.1 | S50: 17 | T50: 0.27 | U50: 8 | V50: 0.11 | W50: 0.04 | X50: 0.7 | Y50: 0.02 | Z50: 0 | AA50: 7 | AB50: 2454 | AC50: Rheum rhaponticum | AE50: Magnoliopsida:Caryophyllidae:Polygonales:Polygonaceae | AG50: rhubarb | AH50: rhubarb, Rabarber | AI50: suitable | AJ50: herb | AK50: erect | AL50: perennial | AN50: single stem | AO50: vegetables, medicinals & aromatic | AP50: vegetables | AQ50: grown on small scale | AR50: 15 | AS50: 24 | AT50: 5 | AU50: 30 | AV50: 800 | AW50: 1300 | AX50: 400 | AY50: 2000 | AZ50: 6 | BA50: 7 | BB50: 5.3 | BC50: 7.8 | BD50: 40 | BF50: 60 | BG50: 65 | BH50: 2000 | BI50: clear skies | BJ50: clear skies | BK50: very bright | BL50: cloudy skies | BM50: medium (50-150 cm) | BN50: medium (50-150 cm) | BO50: medium, organic | BP50: heavy, medium, light | BQ50: high | BR50: moderate | BU50: low (<4 dS/m) | BV50: low (<4 dS/m) | BW50: well (dry spells) | BX50: well (dry spells) | BY50: -15 | BZ50: -1 | CA50: short day (<12 hours), neutral day (12-14 hours), long day (>14 hours) | CB50: tropical wet & dry (Aw), tropical wet (Ar), steppe or semiarid (Bs), subtropical humid (Cf), subtropical dry summer (Cs), subtropical dry winter (Cw), temperate oceanic (Do), temperate continental (Dc), temperate with humid winters (Df), temperate with dry winters (Dw) | CF50: home garden, small scale (manual) | CG50: 60 | CH50: 330 | CI50: 0.9 | CJ50: 1.8 | CK50: 0.9 | CL50: 1.5 | CM50: Perennial herb; clump | CN50: 5 | CO50: 25 | CP50: UK/EU; forced rhubarb higher; fresh stalk weight | CQ50: FAOSTAT QCL | CR50: 6 | CS50: 5 | CT50: 6 | CU50: 3 | CV50: 3 | CW50: 3 | CX50: 3 | CY50: 15 | CZ50: 5 | DA50: 150 | DB50: 120 | DC50: 180 | DD50: 25 | DE50: 25 | DF50: 40 | DG50: 30 | DH50: 350 | DI50: 80 | DJ50: AHDB HDC; EXT UK | DK50: Fruit | DL50: 150 | DM50: 1 cup cooked rhubarb (classified as vegetable botanically but used as fruit) | DU50: S | DV50: P | DW50: P | DX50: P | DY50: S | DZ50: Cool-temperate VIC/TAS/NSW — spring flush; Aug–Dec | EA50: NH: Mar–Jun (UK, USA Midwest) | EB50: Year-round Proc. | EC50: Freeze or stew and bottle | ED50: 1 wks – 12 mo | EE50: 3 | EF50: 1–3 weeks
A51: Hazelnut | B51: Nut | C51: Nut, hazelnut, raw, unsalted | D51: 642.7 | E51: 14.8 | F51: 61.4 | G51: 5.1 | H51: 10.4 | I51: 86 | J51: 3.2 | K51: 160 | L51: 310 | M51: 680 | N51: 3 | O51: 2.2 | P51: 1.5 | Q51: 3.5 | R51: 1 | S51: 3 | T51: 16 | U51: 0 | V51: 0.39 | W51: 0.17 | X51: 2.2 | Y51: 0.56 | Z51: 0 | AA51: 113 | AB51: 2246 | AC51: Corylus avellana | AD51: L. | AE51: Magnoliopsida:Hamamelidae:Fagales:Betulaceae | AG51: hazel nut | AH51: hazel nut, European hazel, cob nuts, Irish coll, fertile de Coutard, longue d'Espagne, lungha di Spagne, nocciolo, Gunslebenert Zellernuss, Gunslebert, Haselnuss, Haselnussbaum, hassel, hasselbuske, vanlig hassel, pähkinäpensas, Coryli folium | AI51: suitable | AJ51: shrub, tree | AK51: erect | AL51: perennial | AN51: deciduous, single stem, multi stem | AO51: fruits & nuts, materials, medicinals & aromatic, forest/wood | AP51: nuts | AQ51: grown on large scale | AR51: 10 | AS51: 24 | AT51: 5 | AU51: 35 | AV51: 900 | AW51: 1100 | AX51: 600 | AY51: 1400 | AZ51: 6 | BA51: 6.5 | BB51: 5.5 | BC51: 7.5 | BD51: 40 | BE51: 40 | BF51: 60 | BG51: 60 | BH51: 1600 | BI51: very bright | BJ51: very bright | BK51: very bright | BL51: clear skies | BM51: deep (>>150 cm) | BN51: medium (50-150 cm) | BO51: medium | BP51: heavy, medium, light | BQ51: moderate | BR51: moderate | BU51: low (<4 dS/m) | BV51: low (<4 dS/m) | BW51: well (dry spells) | BX51: well (dry spells) | BY51: -10 | BZ51: -3 | CA51: short day (<12 hours), neutral day (12-14 hours), long day (>14 hours) | CB51: subtropical humid (Cf), subtropical dry summer (Cs), temperate oceanic (Do), temperate continental (Dc) | CG51: 150 | CH51: 210 | CI51: 3 | CJ51: 8 | CK51: 2 | CL51: 5 | CM51: Shrub/small tree | CN51: 0.5 | CO51: 4 | CP51: In-shell; Turkey (world leader) ~2 t/ha; Italy similar | CQ51: FAOSTAT QCL | CR51: 0 | CS51: 0 | CT51: 5 | CU51: 3 | CV51: 5 | CW51: 10 | CX51: 3 | CY51: 5 | CZ51: 3 | DA51: 0 | DB51: 0 | DC51: 40 | DD51: 20 | DE51: 35 | DF51: 80 | DG51: 20 | DH51: 200 | DI51: 60 | DJ51: ERS; EXT Oregon; LIT Turkey | DK51: Lean Meats, Eggs, Nuts, Seeds & Legumes | DL51: 30 | DM51: 30g hazelnuts (~20 hazelnuts); occasional substitute | DO51: S | DP51: P | DQ51: P | DR51: S | DZ51: VIC/TAS — cool-temperate; Feb–April harvest | EA51: NH: Sep–Oct (Turkey, Italy) | EB51: Long Storage | EC51: In-shell: cool/dry; shelled: refrigerate | ED51: 3–12 months | EE51: 2 | EF51: 2–6 months
A52: Pea (Green) | B52: Seed | C52: Pea, green, fresh, raw | D52: 74.3 | E52: 6.5 | F52: 0.5 | G52: 7.7 | H52: 6.6 | I52: 30 | J52: 1.83 | K52: 36 | L52: 125 | M52: 296 | N52: 1 | O52: 1.02 | P52: 0.135 | Q52: 0.49 | R52: 1 | S52: 44 | T52: 0.29 | U52: 24 | V52: 0.33 | W52: 0.13 | X52: 1.95 | Y52: 0.3 | Z52: 0 | AA52: 80 | AB52: 1721 | AC52: Pisum sativum | AD52: L. | AE52: Magnoliopsida:Rosidae:Fabales:Leguminosae | AG52: pea | AH52: pea, garden pea, English pea, green pea, petits pois, guisante, arveja, erbse, mattar, ervilha, arapatao, bisillah | AI52: suitable | AJ52: herb | AK52: prostrate/procumbent/semi-erect, climber/scrambler/scadent | AL52: annual | AM52: COOL | AN52: single stem | AO52: pulses (grain legumes), medicinals & aromatic | AP52: pulses (grain legumes) | AQ52: grown on large scale | AR52: 10 | AS52: 24 | AT52: 4 | AU52: 30 | AV52: 800 | AW52: 1200 | AX52: 350 | AY52: 2500 | AZ52: 5.5 | BA52: 7 | BB52: 4.5 | BC52: 8.3 | BF52: 60 | BG52: 70 | BH52: 2700 | BI52: very bright | BJ52: very bright | BK52: very bright | BL52: cloudy skies | BM52: medium (50-150 cm) | BN52: shallow (20-50 cm) | BO52: heavy, medium, light | BP52: heavy, medium, light | BQ52: moderate | BR52: low | BU52: low (<4 dS/m) | BV52: low (<4 dS/m) | BW52: well (dry spells) | BX52: well (dry spells) | BY52: -2 | BZ52: 0 | CA52: short day (<12 hours), neutral day (12-14 hours) | CB52: tropical wet & dry (Aw), tropical wet (Ar), steppe or semiarid (Bs), subtropical humid (Cf), subtropical dry summer (Cs), subtropical dry winter (Cw), temperate oceanic (Do), temperate continental (Dc), temperate with humid winters (Df), temperate with dry winters (Dw) | CF52: home garden, large scale/commercial | CG52: 60 | CH52: 140 | CI52: 0.3 | CJ52: 2 | CK52: 0.2 | CL52: 0.5 | CM52: Annual vine; climbing types to 2 m | CN52: 3 | CO52: 10 | CP52: Fresh shelled pea; processing/frozen crop UK/USA | CQ52: FAOSTAT QCL; HDC | CR52: 3 | CS52: 2 | CT52: 3 | CU52: 1 | CV52: 2 | CW52: 0 | CX52: 2 | CY52: 4 | CZ52: 2 | DA52: 110 | DB52: 55 | DC52: 120 | DD52: 15 | DE52: 15 | DF52: 0 | DG52: 20 | DH52: 220 | DI52: 50 | DJ52: AHDB HDC peas; EXT UK; LIT | DK52: Lean Meats, Eggs, Nuts, Seeds & Legumes | DL52: 150 | DM52: 1 cup cooked green peas (150g); also vegetable serve | DU52: S | DV52: P | DW52: P | DX52: P | DY52: S | DZ52: VIC, TAS, SA — cool-season crop; planted autumn/winter, harvested Aug–Nov | EA52: NH: Apr–Jun (UK, Netherlands) | EB52: Year-round Proc. | EC52: Blanch and freeze; dry as split peas | ED52: 0 wks – 36 mo | EE52: 4 | EF52: 3–7 days
A53: Blackberry | B53: Fruit | C53: Blackberry, raw | D53: 45.9 | E53: 1.2 | F53: 0.3 | G53: 7.4 | H53: 4.5 | I53: 28 | J53: 0.44 | K53: 27 | L53: 32 | M53: 142 | N53: 1 | O53: 0.35 | P53: 0.116 | Q53: 0.705 | R53: 1 | S53: 14 | T53: 0.96 | U53: 24 | V53: 0.01 | W53: 0.03 | X53: 0.3 | Y53: 0.03 | Z53: 0 | AA53: 40 | AB53: 1881 | AC53: Rubus sp. | AE53: Magnoliopsida:Rosidae:Rosales:Rosaceae | AG53: dewberry | AH53: dewberry | AI53: poorly suited | AJ53: shrub | AK53: erect | AL53: perennial | AN53: deciduous, multi stem | AO53: fruits & nuts, medicinals & aromatic | AP53: fruits & nuts | AQ53: grown on large scale, grown on small scale, harvested from wild | AR53: 14 | AS53: 20 | AT53: 3 | AU53: 28 | AV53: 1400 | AW53: 1800 | AX53: 300 | AY53: 2800 | AZ53: 5.5 | BA53: 6.5 | BB53: 4.5 | BC53: 8 | BI53: very bright | BJ53: clear skies | BK53: very bright | BL53: cloudy skies | BM53: medium (50-150 cm) | BN53: shallow (20-50 cm) | BO53: heavy, medium, light | BP53: heavy, medium, light | BQ53: high | BR53: moderate | BU53: low (<4 dS/m) | BV53: low (<4 dS/m) | BW53: well (dry spells) | BX53: well (dry spells) | BY53: -20 | BZ53: 0 | CA53: long day (>14 hours) | CB53: steppe or semiarid (Bs), temperate oceanic (Do), temperate continental (Dc), temperate with humid winters (Df), temperate with dry winters (Dw), boreal (E) | CF53: home garden, small scale (manual) | CG53: 120 | CH53: 365 | CI53: 1 | CJ53: 3 | CK53: 1.5 | CL53: 4 | CM53: Cane plant; arching | CN53: 3 | CO53: 20 | CP53: Wild to trellised commercial production | CQ53: USDA NASS | CR53: 0 | CS53: 5 | CT53: 8 | CU53: 4 | CV53: 5 | CW53: 15 | CX53: 4 | CY53: 35 | CZ53: 8 | DA53: 0 | DB53: 80 | DC53: 80 | DD53: 25 | DE53: 35 | DF53: 120 | DG53: 30 | DH53: 550 | DI53: 80 | DJ53: ERS; EXT; AHDB | DK53: Fruit | DL53: 150 | DM53: 1 cup blackberries (~150g) | DN53: P | DO53: P | DP53: P | DQ53: S | DY53: S | DZ53: VIC/TAS/NSW cool areas; Dec–Apr; canes fruit in summer | EA53: NH: Jul–Sep | EB53: Year-round Proc. | EC53: Freeze or jam | ED53: 1 wks – 12 mo | EE53: 4 | EF53: 2–5 days
A54: Pine Nut | B54: Nut | C54: Nut, pine, raw, unsalted | D54: 699.1 | E54: 13 | F54: 70 | G54: 4.5 | H54: 5.1 | I54: 11 | J54: 4.1 | K54: 230 | L54: 560 | M54: 600 | N54: 3 | O54: 5.3 | P54: 1.2 | Q54: 6.9 | R54: 1 | S54: 2 | T54: 12.94 | U54: 0 | V54: 0.57 | W54: 0.19 | X54: 4.3 | Y54: 0.02 | Z54: 0 | AA54: 34 | AB54: 8647 | AC54: Pinus pinea | AD54: L. | AE54: Pinopsida:Pinaceae | AG54: Italian stone pine | AH54: Italian stone pine, Roman pine, umbrella pine, pignon pine, pignolia, bull pine, stone pine, nut pine, pin pignon, pin parasol, pino domestico, pino marittimo, pinheiro manso | AI54: poorly suited | AJ54: tree | AK54: erect | AL54: perennial | AN54: evergreen, single stem | AO54: fruits & nuts, ornamentals/turf, forest/wood, environmental | AP54: nuts | AR54: 18 | AS54: 32 | AT54: 8 | AU54: 38 | AV54: 500 | AW54: 700 | AX54: 400 | AY54: 800 | AZ54: 4.5 | BA54: 5.5 | BB54: 4 | BC54: 6.5 | BD54: 33 | BE54: 33 | BF54: 44 | BG54: 44 | BH54: 2500 | BI54: very bright | BJ54: very bright | BK54: very bright | BL54: clear skies | BM54: medium (50-150 cm) | BN54: shallow (20-50 cm) | BO54: medium, light | BP54: medium, light | BQ54: moderate | BR54: low | BU54: low (<4 dS/m) | BV54: low (<4 dS/m) | BW54: well (dry spells) | BX54: well (dry spells), excessive (dry/moderately dry) | BY54: -2 | BZ54: 0 | CA54: short day (<12 hours), neutral day (12-14 hours), long day (>14 hours) | CB54: steppe or semiarid (Bs), subtropical dry summer (Cs) | CC54: fire, drought | CG54: 180 | CH54: 240 | CI54: 15 | CJ54: 25 | CK54: 8 | CL54: 15 | CM54: Tree; Italian stone pine | CN54: 0.1 | CO54: 1 | CP54: Very low; wild or semi-managed forest; Spain/Italy | CQ54: FAO; Est. | CR54: 0 | CS54: 0 | CT54: 3 | CU54: 2 | CV54: 3 | CW54: 5 | CX54: 2 | CY54: 15 | CZ54: 20 | DA54: 0 | DB54: 0 | DC54: 20 | DD54: 10 | DE54: 15 | DF54: 40 | DG54: 15 | DH54: 400 | DI54: 500 | DJ54: LIT Mediterranean/China — cone cracking very intensive | DK54: Lean Meats, Eggs, Nuts, Seeds & Legumes | DL54: 30 | DM54: 30g pine nuts (~3 tbsp); occasional substitute | DO54: S | DP54: P | DQ54: P | DR54: P | DS54: S | DZ54: Very limited SA/VIC — cone ripens autumn–winter | EA54: NH: Sep–Nov (China, Mediterranean) | EB54: Medium Storage | EC54: Refrigerate or freeze | ED54: 1–6 months | EE54: 5 | EF54: 0–3 months
A55: Strawberry | B55: Fruit | C55: Strawberry, raw | D55: 31.5 | E55: 0.7 | F55: 0.2 | G55: 5.6 | H55: 2.1 | I55: 19 | J55: 0.44 | K55: 13 | L55: 24 | M55: 182 | N55: 0 | O55: 0.16 | P55: 0.048 | Q55: 0.363 | R55: 1 | S55: 0 | T55: 0.32 | U55: 76 | V55: 0.02 | W55: 0.05 | X55: 0.1 | Y55: 0.02 | Z55: 0 | AA55: 65 | AB55: 1112 | AC55: Fragaria x ananassa | AD55: (Duchesne) Guédes | AE55: Magnoliopsida:Rosidae:Rosales:Rosaceae | AF55: Fragaria chiloensis (L.) P. Miller x Fragaria virginiana P. Miller (1750), Fragaria ananassa Duchesne (1766), Fragaria vesca L. race ananassa Duchesne (1766) | AG55: strawberry | AH55: strawberry, dessert strawberry, garden strawberry, fraise, fraisier ananas, erdbeere, morango, morangueiro de cultura, fresa, arben, stroboeri, dâu tây, jordbær, jordgubbe, tarhamansikka | AI55: suitable | AJ55: herb | AK55: acaulescent (or rosette plants) | AL55: perennial | AN55: single stem | AO55: fruits & nuts | AP55: fruits & nuts | AQ55: grown on large scale | AR55: 11 | AS55: 24 | AT55: 6 | AU55: 28 | AV55: 600 | AW55: 900 | AX55: 300 | AY55: 1700 | AZ55: 6 | BA55: 6.8 | BB55: 4.5 | BC55: 8.2 | BH55: 2000 | BI55: very bright | BJ55: clear skies | BK55: very bright | BL55: clear skies | BM55: shallow (20-50 cm) | BN55: shallow (20-50 cm) | BO55: medium, organic | BP55: heavy, medium, light | BQ55: moderate | BR55: moderate | BU55: low (<4 dS/m) | BV55: low (<4 dS/m) | BW55: well (dry spells) | BX55: well (dry spells) | CA55: short day (<12 hours), neutral day (12-14 hours), long day (>14 hours) | CB55: tropical wet & dry (Aw), steppe or semiarid (Bs), subtropical humid (Cf), subtropical dry summer (Cs), subtropical dry winter (Cw), temperate oceanic (Do), temperate continental (Dc), temperate with humid winters (Df), temperate with dry winters (Dw) | CF55: home garden, large scale/commercial | CG55: 180 | CH55: 270 | CI55: 0.15 | CJ55: 0.3 | CK55: 0.3 | CL55: 0.6 | CM55: Ground cover plant | CN55: 5 | CO55: 80 | CP55: Low: open field; High: substrate/greenhouse (Netherlands) | CQ55: FAOSTAT QCL; USDA | CR55: 10 | CS55: 15 | CT55: 10 | CU55: 5 | CV55: 8 | CW55: 8 | CX55: 6 | CY55: 50 | CZ55: 15 | DA55: 180 | DB55: 300 | DC55: 200 | DD55: 40 | DE55: 60 | DF55: 80 | DG55: 50 | DH55: 800 | DI55: 200 | DJ55: ERS strawberry; AHDB HDC; Migration Dialogue — very high harvest labour | DK55: Fruit | DL55: 150 | DM55: 1 cup strawberries (~8–10 medium) | DN55: S | DV55: S | DW55: P | DX55: P | DY55: P | DZ55: QLD (Redlands/Sunshine Coast) Aug–Nov; NSW/VIC Oct–Jan; WA May–Oct; peak Oct–Dec national | EA55: NH: May–Aug (California, Spain, Poland) | EB55: Year-round Proc. | EC55: Freeze or jam | ED55: 0 wks – 12 mo | EE55: 4 | EF55: 2–7 days
A56: Moringa (Horseradish Tree) | B56: Leaf | C56: Drumstick Leaves Raw | D56: 64 | E56: 9.4 | F56: 8.28 | G56: 2 | H56: 1.4 | I56: 185 | J56: 4 | K56: 42 | L56: 112 | M56: 337 | N56: 9 | O56: 0.6 | P56: 0.105 | Q56: 1.063 | R56: 0.9 | S56: 7564 | T56: 0 | U56: 51.7 | V56: 0.257 | W56: 0.66 | X56: 2.22 | Y56: 1.2 | Z56: 0 | AA56: 40 | AB56: 2348 | AC56: Moringa oleifera | AD56: Lam. | AE56: Magnoliopsida:Dilleniidae:Capparales:Moringaceae | AF56: Anoma moringa (L.) Lour., Anoma moringa (Linnaeus) Loureiro, 1970, Hyperanthera moringa (L.) Vahi., Hyperanthera moringa (Linnaeus) Vahl., 1970, Moringa erecta Salisb. (nom illegit.)., 1796, Moringa pterygosperma C.F. Gaertn., 1982, Guilandina moringa L. Standley, 1946, Moringa moringa (L.) Millsp. Standley, 1946, Moringa octogona Stokes. nom illegit., 1812, Moringa parvifolia Noronha. nom. illegit., 1790, Moringa polygona DC. nom. illegit.,1825, Moringa pterygosperma Gaertn. Standley, 1946, Moringa zeylanica Burmann., 1982, Moringa ovalifoliolata Dinter, 1914, Moringa ovalifolia Dinter & Berger, 1987 | AG56: horseradish tree | AH56: horseradish tree, ben oil tree, drumstick tree, clarifier tree, mother's best friend, moringa tree, cabbage tree, benzolive tree, malunggay, zogallagandi, okwe oyibo, mlonge, mzunze, ewe-igbale, meelsakboom, Aleco (Konsogna), Shiferaw (Amargna), Kalan'gi (Hamer-Bena) | AI56: suitable | AJ56: shrub, tree | AK56: erect | AL56: perennial | AM56: 0 | AN56: deciduous, single stem, multi stem | AO56: forage/pasture, fruits & nuts, vegetables, materials, ornamentals/turf, medicinals & aromatic, forest/wood, environmental | AP56: forage/pasture | AQ56: grown on small scale | AR56: 20 | AS56: 35 | AT56: 7 | AU56: 48 | AV56: 700 | AW56: 2200 | AX56: 400 | AY56: 2600 | AZ56: 5.5 | BA56: 7 | BB56: 5 | BC56: 8.5 | BD56: 10 | BE56: 10 | BF56: 20 | BG56: 30 | BH56: 1000 | BI56: very bright | BJ56: clear skies | BK56: very bright | BL56: cloudy skies | BM56: deep (>>150 cm) | BN56: medium (50-150 cm) | BO56: medium, light | BP56: heavy, medium, light | BQ56: moderate | BR56: low | BS56: 0 | BT56: 0 | BU56: low (<4 dS/m) | BV56: low (<4 dS/m) | BW56: well (dry spells) | BX56: well (dry spells), excessive (dry/moderately dry) | BY56: 0 | BZ56: 0 | CA56: short day (<12 hours), neutral day (12-14 hours), long day (>14 hours) | CB56: tropical wet & dry (Aw), steppe or semiarid (Bs), subtropical dry summer (Cs) | CC56: 0 | CD56: 0 | CE56: 0 | CF56: home garden, small scale (manual) | CG56: 210 | CH56: 330 | CI56: 5 | CJ56: 12 | CK56: 3 | CL56: 8 | CM56: Fast-growing tree; often cut back to 2 m | CN56: 2 | CO56: 15 | CP56: Pod/leaf yield; dryland to irrigated tropical | CQ56: FAO; Trees for Life | CR56: 0 | CS56: 0 | CT56: 5 | CU56: 3 | CV56: 3 | CW56: 8 | CX56: 4 | CY56: 20 | CZ56: 8 | DA56: 0 | DB56: 0 | DC56: 40 | DD56: 20 | DE56: 20 | DF56: 80 | DG56: 30 | DH56: 400 | DI56: 100 | DJ56: FAO; Trees for Life; LIT India — leaf strip harvest intensive | DK56: Vegetables & Legumes | DL56: 75 | DM56: ½ cup cooked moringa leaves or pods | DT56: S | DU56: P | DV56: P | DW56: P | DX56: P | DY56: S | DZ56: Tropical QLD/NT — dry season harvest Jul–Dec for pods/leaves | EA56: NH: Mar–Jun (India, SE Asia) | EB56: Year-round Proc. | EC56: Dry leaves as powder | ED56: 0 wks – 12 mo | EE56: 6 | EF56: 2–5 days
A57: Sweet Potato | B57: Leaf | C57: Sweet Potato Leaves Raw | D57: 42 | E57: 2.49 | F57: 8.82 | G57: 5.3 | H57: 0.51 | I57: 78 | J57: 0.97 | K57: 70 | L57: 81 | M57: 508 | N57: 6 | O57: 0 | P57: 0 | Q57: 0 | R57: 0.9 | S57: 3778 | T57: 0 | U57: 11 | V57: 0.156 | W57: 0.345 | X57: 1.13 | Y57: 0.19 | Z57: 0 | AA57: 0 | AB57: 0 | AC57: 0 | AD57: 0 | AE57: 0 | AF57: 0 | AG57: 0 | AH57: 0 | AI57: 0 | AJ57: 0 | AK57: 0 | AL57: 0 | AM57: 0 | AN57: 0 | AO57: 0 | AP57: 0 | AQ57: 0 | AR57: 0 | AS57: 0 | AT57: 0 | AU57: 0 | AV57: 0 | AW57: 0 | AX57: 0 | AY57: 0 | AZ57: 0 | BA57: 0 | BB57: 0 | BC57: 0 | BD57: 0 | BE57: 0 | BF57: 0 | BG57: 0 | BH57: 0 | BI57: 0 | BJ57: 0 | BK57: 0 | BL57: 0 | BM57: 0 | BN57: 0 | BO57: 0 | BP57: 0 | BQ57: 0 | BR57: 0 | BS57: 0 | BT57: 0 | BU57: 0 | BV57: 0 | BW57: 0 | BX57: 0 | BY57: 0 | BZ57: 0 | CA57: 0 | CB57: 0 | CC57: 0 | CD57: 0 | CE57: 0 | CF57: 0 | CG57: 0 | CH57: 0 | CI57: 0.3 | CJ57: 0.5 | CK57: 1.5 | CL57: 4 | CM57: Trailing vine; spread on ground | CN57: 5 | CO57: 40 | CP57: Low: Africa subsistence; High: China commercial | CQ57: FAOSTAT QCL | CR57: 6 | CS57: 8 | CT57: 8 | CU57: 2 | CV57: 3 | CW57: 0 | CX57: 3 | CY57: 10 | CZ57: 5 | DA57: 160 | DB57: 200 | DC57: 250 | DD57: 25 | DE57: 25 | DF57: 0 | DG57: 30 | DH57: 350 | DI57: 100 | DJ57: EXT North Carolina; NSWDPI; LIT | DK57: Vegetables & Legumes | DL57: 75 | DM57: ½ medium sweet potato (~75g); starchy vegetable | DO57: S | DP57: P | DQ57: P | DR57: P | DS57: S | DZ57: QLD (Bundaberg/South East QLD) — warm-season; harvested autumn Feb–Jun | EA57: NH: Sep–Nov (USA, China) | EB57: Long Storage | EC57: Cure then cool/dry/dark shed | ED57: 3–9 months | EE57: 2 | EF57: 2–9 months
A58: Black-Eyed Pea (Cowpea) | B58: Pod/Seed | C58: Cowpeas Young Pods With Seeds Raw | D58: 44 | E58: 3.3 | F58: 9.5 | G58: 3.3 | H58: 0.3 | I58: 65 | J58: 1 | K58: 58 | L58: 65 | M58: 215 | N58: 4 | O58: 0.34 | P58: 0.1 | Q58: 0.308 | R58: 0.9 | S58: 1369 | T58: 0.49 | U58: 33 | V58: 0.15 | W58: 0.14 | X58: 1.2 | Y58: 0.173 | Z58: 0 | AA58: 53 | AB58: 11426 | AC58: Vigna unguiculata ssp. stenophylla | AD58: (L.) Walp. [(Harvey) Marechal et al.] | AE58: Magnoliopsida:Rosidae:Fabales:Leguminosae | AF58: Vigna angustifoliolata Verdc., Vigna stenophylla (Harvey) Burtt Davy | AG58: cowpea | AH58: cowpea, cow pea | AI58: poorly suited | AJ58: herb | AK58: prostrate/procumbent/semi-erect | AL58: annual | AM58: 0 | AN58: 0 | AO58: pulses (grain legumes) | AP58: pulses (grain legumes) | AQ58: grown on small scale | AR58: 0 | AS58: 0 | AT58: 0 | AU58: 0 | AV58: 0 | AW58: 0 | AX58: 0 | AY58: 0 | AZ58: 0 | BA58: 0 | BB58: 0 | BC58: 0 | BD58: 0 | BE58: 0 | BF58: 0 | BG58: 0 | BH58: 0 | BI58: 0 | BJ58: 0 | BK58: 0 | BL58: 0 | BM58: 0 | BN58: 0 | BO58: 0 | BP58: 0 | BQ58: 0 | BR58: 0 | BS58: 0 | BT58: 0 | BU58: 0 | BV58: 0 | BW58: 0 | BX58: 0 | BY58: 0 | BZ58: 0 | CA58: 0 | CB58: 0 | CC58: 0 | CD58: 0 | CE58: 0 | CF58: 0 | CG58: 0 | CH58: 0 | CI58: 0.3 | CJ58: 0.9 | CK58: 0.3 | CL58: 0.6 | CM58: Annual; erect to trailing | CN58: 0.3 | CO58: 2.5 | CP58: Dry seed; Low: Sahel; High: managed Nigeria/Burkina | CQ58: FAOSTAT QCL | CR58: 5 | CS58: 3 | CT58: 8 | CU58: 1 | CV58: 2 | CW58: 0 | CX58: 2 | CY58: 8 | CZ58: 5 | DA58: 150 | DB58: 80 | DC58: 300 | DD58: 15 | DE58: 20 | DF58: 0 | DG58: 20 | DH58: 350 | DI58: 100 | DJ58: LIT Sudan Gezira; FAO West Africa; CGIAR | DK58: Lean Meats, Eggs, Nuts, Seeds & Legumes | DL58: 150 | DM58: 1 cup cooked cowpeas (150g) | DO58: S | DP58: P | DQ58: P | DR58: P | DS58: S | DZ58: Tropical QLD/NT — warm-season legume; Feb–May after wet season | EA58: NH: Sep–Nov (Nigeria, India) | EB58: Long Storage | EC58: Dry seed — cool/dry/dark | ED58: 12–24 months | EE58: 2 | EF58: 1–2 years
A59: Chives | B59: Leaf | C59: Chives, raw | D59: 28.7 | E59: 1.5 | F59: 0.3 | G59: 2.6 | H59: 4.7 | I59: 90 | J59: 2.8 | K59: 12 | L59: 58 | M59: 210 | N59: 7 | O59: 0.4 | R59: 0.9 | S59: 383 | T59: 0.21 | U59: 29 | V59: 0.06 | W59: 0.21 | X59: 0.7 | Y59: 0.14 | Z59: 0 | AA59: 105 | AB59: 810 | AC59: Allium schoenoprasum | AD59: L. | AE59: Liliopsida:Liliidae:Asparagales:Alliaceae | AG59: chives | AH59: chives, chive garlic, ezo-negi, cebolleta, ciboulette, schnittlauch, gräslök, purløg, basal, bieslook, cipollina, cebolinha, cebolinho, alho de Espanha, ceboleta de Franca, luk-rezanyets, hsia-ye-ts'ung | AI59: suitable | AJ59: herb | AK59: erect | AL59: annual, perennial | AM59: COOL | AO59: vegetables | AP59: vegetables | AQ59: grown on large scale | AR59: 10 | AS59: 20 | AT59: 2 | AU59: 35 | AV59: 450 | AW59: 1600 | AX59: 300 | AY59: 2800 | AZ59: 6 | BA59: 6.6 | BB59: 5 | BC59: 8.2 | BD59: 20 | BF59: 60 | BG59: 60 | BH59: 2000 | BI59: very bright | BJ59: very bright | BK59: very bright | BL59: clear skies | BM59: shallow (20-50 cm) | BN59: shallow (20-50 cm) | BO59: medium, organic | BP59: heavy, medium, light | BQ59: high | BR59: low | BU59: low (<4 dS/m) | BV59: low (<4 dS/m) | BW59: well (dry spells) | BX59: well (dry spells) | CA59: long day (>14 hours) | CB59: tropical wet & dry (Aw), tropical wet (Ar), steppe or semiarid (Bs), subtropical dry summer (Cs), temperate oceanic (Do), temperate continental (Dc), temperate with humid winters (Df), temperate with dry winters (Dw), boreal (E) | CG59: 70 | CH59: 100 | CI59: 0.2 | CJ59: 0.5 | CK59: 0.2 | CL59: 0.4 | CM59: Perennial herb; clump | CN59: 8 | CO59: 30 | CP59: Fresh herb; repeated harvest | CQ59: Est. FAO | CR59: 3 | CS59: 3 | CT59: 6 | CU59: 2 | CV59: 2 | CW59: 0 | CX59: 3 | CY59: 15 | CZ59: 5 | DA59: 100 | DB59: 80 | DC59: 200 | DD59: 20 | DE59: 15 | DF59: 0 | DG59: 30 | DH59: 300 | DI59: 80 | DJ59: EXT; LIT — multiple harvests per year | DK59: Vegetables & Legumes | DL59: 75 | DM59: 1 cup fresh chives (~20g); typically condiment | DN59: P | DO59: P | DP59: P | DQ59: S | DT59: S | DU59: P | DV59: P | DW59: P | DX59: P | DY59: P | DZ59: Year-round herb in most climates; QLD year-round, southern states mainly Sep–Mar | EA59: NH: year-round in greenhouses; Apr–Oct outdoors | EB59: Short Storage | EC59: Fresh; freeze or dry | ED59: 0 wks – 12 mo | EE59: 2 | EF59: 1–2 weeks
A60: Water Spinach | B60: Leaf | C60: Watercress | D60: 11 | E60: 2.3 | F60: 1.29 | G60: 0.5 | H60: 0.1 | I60: 120 | J60: 0.2 | K60: 21 | L60: 60 | M60: 330 | N60: 41 | O60: 0.11 | P60: 0.077 | Q60: 0.244 | R60: 0.9 | S60: 3191 | T60: 1 | U60: 43 | V60: 0.09 | W60: 0.12 | X60: 0.2 | Y60: 0.129 | Z60: 0 | AA60: 9 | AB60: 1264 | AC60: Ipomoea aquatica | AD60: Forskal | AE60: Magnoliopsida:Asteridae:Solanales:Convolvulaceae | AF60: Ipomoea reptans (L.) Poir., Ipomoea repens Roth. | AG60: water spinach | AH60: water spinach, swamp morning-glory, Chinese yung-tsai, kangkong | AI60: suitable | AJ60: herb, vine | AK60: climber/scrambler/scadent | AL60: perennial | AM60: 0 | AN60: evergreen, multi stem | AO60: forage/pasture, vegetables | AP60: forage/pasture | AQ60: grown on small scale | AR60: 15 | AS60: 35 | AT60: 10 | AU60: 40 | AV60: 2000 | AW60: 2500 | AX60: 700 | AY60: 4200 | AZ60: 5 | BA60: 7 | BB60: 4.3 | BC60: 7.5 | BD60: 0 | BE60: 0 | BF60: 0 | BG60: 0 | BH60: 0 | BI60: very bright | BJ60: very bright | BK60: very bright | BL60: clear skies | BM60: shallow (20-50 cm) | BN60: shallow (20-50 cm) | BO60: heavy, organic | BP60: heavy, medium, light | BQ60: high | BR60: moderate | BS60: 0 | BT60: 0 | BU60: low (<4 dS/m) | BV60: low (<4 dS/m) | BW60: poorly (saturated >50% of year) | BX60: poorly (saturated >50% of year), well (dry spells) | BY60: 0 | BZ60: 0 | CA60: short day (<12 hours) | CB60: tropical wet & dry (Aw), tropical wet (Ar), subtropical humid (Cf), subtropical dry summer (Cs), subtropical dry winter (Cw) | CC60: 0 | CD60: 0 | CE60: 0 | CF60: 0 | CG60: 30 | CH60: 70 | CI60: 0.3 | CJ60: 1 | CK60: 0.5 | CL60: 2 | CM60: Aquatic/semi-aquatic vine | CN60: 10 | CO60: 40 | CP60: Aquatic/semi-aquatic leafy; SE Asia; rapid growth | CQ60: FAO Veg; FAOSTAT | CR60: 3 | CS60: 3 | CT60: 5 | CU60: 2 | CV60: 2 | CW60: 0 | CX60: 5 | CY60: 15 | CZ60: 5 | DA60: 80 | DB60: 80 | DC60: 150 | DD60: 20 | DE60: 15 | DF60: 0 | DG60: 50 | DH60: 350 | DI60: 80 | DJ60: FAO SE Asia; LIT — multiple harvests, aquatic | DK60: Vegetables & Legumes | DL60: 75 | DM60: ½ cup cooked water spinach | DN60: P | DO60: P | DP60: P | DQ60: S | DX60: S | DY60: P | DZ60: Tropical/subtropical QLD — warm-season aquatic; Nov–Apr | EA60: NH: Jun–Sep (SE Asia) | EB60: Fresh Only | EC60: Refrigerate briefly | ED60: 0–1 weeks | EE60: 0 | EF60: 1–3 days
A61: Sago | B61: Starch | C61: Sago, dry, uncooked | D61: 350.9 | E61: 0.2 | F61: 0.2 | G61: 85.5 | H61: 0.4 | I61: 10 | J61: 1.2 | K61: 3 | L61: 29 | M61: 5 | N61: 3 | O61: 1.3 | R61: 0.9 | S61: 0 | T61: 0 | U61: 0 | V61: 0 | W61: 0 | X61: 0 | Y61: 0 | Z61: 0 | AA61: 0 | AB61: 1466 | AC61: Metroxylon sagu | AD61: Rottb. | AE61: Liliopsida:Arecidae:Arecales:Palmae | AF61: Metroxylon rumphii (Willd.) Mart., Metroxylon rumphii Mart | AG61: sago palm | AH61: sago palm, true sago palm, sago, sagoutier, sagopalme, pohon, ambulung, kirai (Sudan), saksak | AI61: poorly suited | AJ61: tree | AK61: erect | AL61: perennial | AN61: evergreen, single stem | AO61: vegetables, forest/wood | AP61: vegetables | AQ61: grown on large scale | AR61: 25 | AS61: 36 | AT61: 18 | AU61: 40 | AV61: 3000 | AW61: 4500 | AX61: 2100 | AY61: 5800 | AZ61: 5.5 | BA61: 6.5 | BB61: 4.5 | BC61: 8.5 | BH61: 700 | BI61: very bright | BJ61: very bright | BK61: very bright | BL61: clear skies | BM61: deep (>>150 cm) | BN61: medium (50-150 cm) | BO61: heavy, medium | BP61: heavy, medium, light, organic | BQ61: high | BR61: moderate | BU61: low (<4 dS/m) | BV61: medium (4-10 dS/m) | BW61: poorly (saturated >50% of year) | BX61: poorly (saturated >50% of year), well (dry spells) | BY61: 10 | BZ61: 0 | CA61: short day (<12 hours), neutral day (12-14 hours), long day (>14 hours) | CB61: tropical wet (Ar) | CG61: 365 | CH61: 365 | CI61: 6 | CJ61: 15 | CK61: 4 | CL61: 10 | CM61: Palm | CN61: 5 | CO61: 25 | CP61: Starch yield per ha equivalent; palm plantation | CQ61: FAO | CR61: 5 | CS61: 5 | CT61: 3 | CU61: 1 | CV61: 1 | CW61: 0 | CX61: 2 | CY61: 20 | CZ61: 40 | DA61: 80 | DB61: 100 | DC61: 60 | DD61: 10 | DE61: 10 | DF61: 0 | DG61: 20 | DH61: 400 | DI61: 500 | DJ61: FAO Pacific; LIT — multi-year crop; harvest+processing (starch extraction) very intensive | DK61: Grain (Cereal) Foods | DL61: 100 | DM61: ½ cup cooked sago pearls (~100g) | DN61: P | DO61: P | DP61: P | DQ61: P | DR61: P | DS61: P | DT61: P | DU61: P | DV61: P | DW61: P | DX61: P | DY61: P | DZ61: Year-round in tropical FNQ/NT — palms harvested 7–15 years after planting; no seasonal restriction | EA61: Year-round (Papua New Guinea, Indonesia) | EB61: Long Storage | EC61: Dried starch — cool/dry/dark | ED61: 12–24 months | EE61: 15 | EF61: 1–2 years
A62: Bamboo | B62: Shoot | C62: Bamboo Shoots | D62: 27 | E62: 2.6 | F62: 5.2 | G62: 2.2 | H62: 0.3 | I62: 13 | J62: 0.5 | K62: 3 | L62: 59 | M62: 533 | N62: 4 | O62: 1.1 | P62: 0.19 | Q62: 0.262 | R62: 0.8 | S62: 20 | T62: 1 | U62: 4 | V62: 0.15 | W62: 0.07 | X62: 0.6 | Y62: 0.24 | Z62: 0 | AA62: 7 | AB62: 3618 | AC62: Bambusa blumeana | AD62: Schult.f. | AE62: Liliopsida:Commelinidae:Cyperales:Gramineae | AF62: Spiny bamboo, thorny bamboo, Bambu duri (Indonesia), Haur cucuk (Sudanese), Su pring gesing (Javanese), Malaysia: buloh duri, buloh sikai, Philippines: kauayan-tinik (Tagalog), Batakan (Bisaya), ka-wayan-sitan (Ilokano), Cambodia: russei roliek, Laos: phaix bainz, Thailand: phai sisuk, Vietnam: tre gai | AG62: bamboo | AH62: bamboo, spiny bamboo, thorny bamboo | AI62: poorly suited | AJ62: grass | AK62: erect | AL62: perennial | AM62: 0 | AN62: multi stem | AO62: vegetables, materials, environmental | AP62: vegetables | AQ62: 0 | AR62: 18 | AS62: 32 | AT62: 8 | AU62: 37 | AV62: 1500 | AW62: 4000 | AX62: 1000 | AY62: 5000 | AZ62: 5 | BA62: 6.5 | BB62: 4.5 | BC62: 7 | BD62: 0 | BE62: 0 | BF62: 15 | BG62: 23 | BH62: 300 | BI62: clear skies | BJ62: very bright | BK62: cloudy skies | BL62: very bright | BM62: medium (50-150 cm) | BN62: medium (50-150 cm) | BO62: heavy | BP62: heavy | BQ62: moderate | BR62: low | BS62: 0 | BT62: 0 | BU62: low (<4 dS/m) | BV62: low (<4 dS/m) | BW62: well (dry spells) | BX62: poorly (saturated >50% of year), well (dry spells) | BY62: -1 | BZ62: -1 | CA62: 0 | CB62: tropical wet & dry (Aw), tropical wet (Ar) | CC62: flooding | CD62: 0 | CE62: 0 | CF62: 0 | CG62: 0 | CH62: 0 | CI62: 10 | CJ62: 30 | CK62: 5 | CL62: 20 | CM62: Clumping or running; very variable by species | CN62: 3 | CO62: 20 | CP62: Shoot yield t/ha/yr; Moso bamboo 10-20; tropical species vary | CQ62: FAO Bamboo | CR62: 8 | CS62: 5 | CT62: 5 | CU62: 3 | CV62: 2 | CW62: 5 | CX62: 3 | CY62: 10 | CZ62: 5 | DA62: 120 | DB62: 100 | DC62: 100 | DD62: 20 | DE62: 15 | DF62: 50 | DG62: 30 | DH62: 300 | DI62: 100 | DJ62: FAO bamboo; LIT Asia — shoots harvested annually; perennial | DK62: Vegetables & Legumes | DL62: 75 | DM62: ½ cup cooked bamboo shoots | DT62: S | DU62: P | DV62: P | DW62: P | DX62: S | DZ62: SE QLD/northern NSW subtropical; spring shoot flush Jul–Nov | EA62: NH: Apr–Jun (Japan, China) | EB62: Short Storage | EC62: Refrigerate; pickle or ferment | ED62: 0 wks – 6 mo | EE62: 4 | EF62: 1–2 weeks
A63: Rocket (Arugula) | B63: Leaf | C63: Rocket, fresh, raw | D63: 21.7 | E63: 3.3 | F63: 0.3 | G63: 0.3 | H63: 2.4 | I63: 214 | J63: 1.56 | K63: 51 | L63: 63 | M63: 351 | N63: 47 | O63: 0.4 | P63: 0.301 | Q63: 0.632 | R63: 0.8 | S63: 426 | T63: 1.3 | U63: 83 | V63: 0.07 | W63: 0.06 | X63: 1.5 | Y63: 0.1 | Z63: 0 | AA63: 164 | CI63: 0.2 | CJ63: 0.6 | CK63: 0.2 | CL63: 0.4 | CM63: Annual herb | CN63: 5 | CO63: 20 | CP63: Leaf yield; multiple cuts; Italy/UK commercial | CQ63: Est. HDC | CR63: 3 | CS63: 2 | CT63: 4 | CU63: 2 | CV63: 2 | CW63: 0 | CX63: 3 | CY63: 12 | CZ63: 5 | DA63: 100 | DB63: 60 | DC63: 130 | DD63: 20 | DE63: 15 | DF63: 0 | DG63: 30 | DH63: 280 | DI63: 80 | DJ63: EXT Italy/UK; AHDB HDC; LIT | DK63: Vegetables & Legumes | DL63: 75 | DM63: 1 cup raw rocket leaves | DO63: S | DP63: P | DQ63: P | DR63: P | DS63: S | DU63: S | DV63: P | DW63: P | DX63: P | DY63: S | DZ63: Cool-season annual; quick crop; two main seasons spring and autumn | EA63: NH: Apr–Jun and Sep–Oct | EB63: Fresh Only | EC63: Refrigerate briefly | ED63: 0–1 weeks | EE63: 0 | EF63: 2–5 days
A64: Capsicum (Red) | B64: Fruit | C64: Capsicum, red, fresh, raw | D64: 27.5 | E64: 1.1 | F64: 0.4 | G64: 4.4 | H64: 1.1 | I64: 7 | J64: 0.28 | K64: 10 | L64: 31 | M64: 240 | N64: 3 | O64: 0.13 | P64: 0.054 | Q64: 0.067 | R64: 0.8 | S64: 111 | T64: 4.2 | U64: 240 | V64: 0.04 | W64: 0.11 | X64: 0 | Y64: 0.06 | Z64: 0 | AA64: 97 | AB64: 618 | AC64: Capsicum annuum | AD64: L. | AE64: Magnoliopsida:Asteridae:Solanales:Solanaceae | AF64: Capsicum annuum var. acuminatum Fingerh., Capsicum longum DC. | AG64: sweet pepper | AH64: sweet pepper, chili pepper, green pepper, lajiao, pimenton, poivre de Guinee, paprika, spansk peppar, spaanse peper, peperone, pimentao, struchkovy pyerets, togarashi, hsiung-ya-li-chiao, filfil ahmar, polo papalagi, polo ula | AI64: poorly suited | AJ64: herb | AK64: erect | AL64: annual | AM64: WARM | AO64: vegetables, medicinals & aromatic | AP64: vegetables | AQ64: grown on large scale | AR64: 17 | AS64: 30 | AT64: 8 | AU64: 35 | AV64: 600 | AW64: 1250 | AX64: 500 | AY64: 1700 | AZ64: 5.5 | BA64: 6.8 | BB64: 4.5 | BC64: 7 | BF64: 50 | BG64: 50 | BH64: 3000 | BI64: very bright | BJ64: very bright | BK64: very bright | BL64: cloudy skies | BM64: medium (50-150 cm) | BN64: medium (50-150 cm) | BO64: medium, organic | BP64: medium, light | BQ64: moderate | BR64: moderate | BU64: low (<4 dS/m) | BV64: medium (4-10 dS/m) | BW64: well (dry spells) | BX64: well (dry spells) | CA64: short day (<12 hours), neutral day (12-14 hours) | CB64: tropical wet & dry (Aw), tropical wet (Ar), subtropical humid (Cf), subtropical dry summer (Cs), subtropical dry winter (Cw) | CF64: home garden, large scale/commercial, protected cultivation | CG64: 60 | CH64: 180 | CI64: 0.5 | CJ64: 1.5 | CK64: 0.4 | CL64: 0.8 | CM64: Annual/perennial shrub | CN64: 8 | CO64: 80 | CP64: Same as green; picked ripe | CQ64: FAOSTAT QCL | CR64: 5 | CS64: 8 | CT64: 6 | CU64: 4 | CV64: 6 | CW64: 5 | CX64: 5 | CY64: 25 | CZ64: 8 | DA64: 140 | DB64: 180 | DC64: 200 | DD64: 30 | DE64: 50 | DF64: 60 | DG64: 50 | DH64: 500 | DI64: 120 | DJ64: Migration Dialogue; ERS; AHDB | DK64: Vegetables & Legumes | DL64: 75 | DM64: ½ cup raw or cooked red capsicum | DN64: P | DO64: P | DP64: P | DQ64: S | DR64: S | DY64: S | DZ64: QLD/NSW summer crop; peak Jan–Mar when capsaicin/colour develops | EA64: NH: Aug–Oct | EB64: Short Storage | EC64: Refrigerate; roast and jar; freeze | ED64: 1 wks – 12 mo | EE64: 3 | EF64: 1–3 weeks
A65: Arrowroot | B65: Root | C65: Arrowroot | D65: 65 | E65: 4.24 | F65: 13.39 | G65: 1.3 | H65: 0.2 | I65: 6 | J65: 2.22 | K65: 25 | L65: 98 | M65: 454 | N65: 26 | O65: 0.63 | P65: 0.121 | Q65: 0.174 | R65: 0.7 | S65: 19 | T65: 0 | U65: 1.9 | V65: 0.143 | W65: 0.059 | X65: 1.693 | Y65: 0.266 | Z65: 0 | AA65: 338 | AB65: 2335 | AC65: Maranta arundinacea | AD65: 0 | AE65: Liliopsida:Zingiberidae:Zingiberales:Marantaceae | AF65: 0 | AG65: Arrowroot | AH65: Arrowroot | AI65: poorly suited | AJ65: herb | AK65: erect | AL65: perennial | AM65: 0 | AN65: single stem | AO65: roots/tubers, materials, medicinals & aromatic | AP65: roots/tubers | AQ65: 0 | AR65: 23 | AS65: 29 | AT65: 17 | AU65: 34 | AV65: 1500 | AW65: 2000 | AX65: 700 | AY65: 4000 | AZ65: 5.5 | BA65: 6.5 | BB65: 5 | BC65: 8 | BD65: 0 | BE65: 0 | BF65: 15 | BG65: 15 | BH65: 1000 | BI65: cloudy skies | BJ65: light shade | BK65: clear skies | BL65: light shade | BM65: medium (50-150 cm) | BN65: shallow (20-50 cm) | BO65: medium | BP65: heavy, medium, light | BQ65: high | BR65: moderate | BS65: 0 | BT65: 0 | BU65: low (<4 dS/m) | BV65: low (<4 dS/m) | BW65: well (dry spells) | BX65: well (dry spells) | BY65: 5 | BZ65: 5 | CA65: short day (<12 hours) | CB65: tropical wet (Ar), subtropical humid (Cf) | CC65: 0 | CD65: 0 | CE65: 0 | CF65: 0 | CG65: 300 | CH65: 365 | CI65: 0.9 | CJ65: 1.8 | CK65: 0.6 | CL65: 1.2 | CM65: Rhizomatous herb | CN65: 5 | CO65: 20 | CP65: Rhizome/starch; Caribbean/SE Asia | CQ65: FAO | CR65: 6 | CS65: 5 | CT65: 8 | CU65: 2 | CV65: 2 | CW65: 0 | CX65: 3 | CY65: 12 | CZ65: 15 | DA65: 150 | DB65: 120 | DC65: 250 | DD65: 20 | DE65: 15 | DF65: 0 | DG65: 30 | DH65: 350 | DI65: 300 | DJ65: FAO Caribbean; LIT — starch extraction post-harvest intensive | DK65: Vegetables & Legumes | DL65: 75 | DM65: ½ medium serve cooked arrowroot (~75g); starchy veg | DP65: S | DQ65: P | DR65: P | DS65: P | DT65: P | DU65: P | DV65: S | DZ65: Tropical/subtropical QLD — harvested after die-back; autumn–winter | EA65: NH: Oct–Feb (Caribbean, SE Asia) | EB65: Medium Storage | EC65: Cool, dark, dry; dry as starch | ED65: 1–12 months | EE65: 10 | EF65: 0–2 months
A66: Okra | B66: Pod | C66: Okra, raw | D66: 26.8 | E66: 3.1 | F66: 0.2 | G66: 1.4 | H66: 3.7 | I66: 82 | J66: 1.1 | K66: 48 | L66: 63 | M66: 280 | N66: 2 | O66: 0.6 | R66: 0.7 | S66: 17 | T66: 0.27 | U66: 34 | V66: 0.09 | W66: 0.13 | X66: 1.2 | Y66: 0.22 | Z66: 0 | AA66: 60 | AB66: 289 | AC66: Abelmoschus esculentus | AD66: (L.) Moench | AE66: Magnoliopsida:Dilleniidae:Malvales:Malvaceae | AF66: Hibiscus esculentus L. | AG66: okra | AH66: abelmoskus, america-neri, bakhua mun, bamia, bamija, bamya, bandakai, bende', bhindee, bhindi, bindi, bumbo, bunga depros, calulu', cantarella, chaucha turca, dâu bap, Eibisch, frutto d‚ibisco, gobbo, gombaut, gombo, Gombro, haluyoy, huang qiu kui, ibisco, kacang bendi, kacang lender, kembang dapros, ketmie comestible, kopi arab, krachiap man, krachiapkhieo, lady fingers, lady's finger, mesta, ocra, okay, oker, okra, okro, okura, quiabo, quimbambo, quimgombó, quingombo, ramturai, rosenapfel, saluyota bunga, sayur bendi, tori, tuah lek, vendakai, yong kok dau | AI66: suitable | AJ66: herb | AK66: erect | AL66: annual | AM66: WARM | AN66: single stem | AO66: vegetables | AP66: vegetables | AQ66: grown on large scale | AR66: 20 | AS66: 30 | AT66: 12 | AU66: 35 | AV66: 600 | AW66: 1200 | AX66: 300 | AY66: 2500 | AZ66: 5.5 | BA66: 7 | BB66: 4.5 | BC66: 8.7 | BF66: 35 | BG66: 40 | BH66: 1000 | BI66: clear skies | BJ66: clear skies | BK66: very bright | BL66: cloudy skies | BM66: shallow (20-50 cm) | BN66: shallow (20-50 cm) | BO66: heavy, medium, light, organic | BP66: heavy, medium, light | BQ66: high | BR66: moderate | BU66: low (<4 dS/m) | BV66: low (<4 dS/m) | BW66: well (dry spells) | BX66: well (dry spells) | CA66: short day (<12 hours) | CB66: tropical wet & dry (Aw), tropical wet (Ar), steppe or semiarid (Bs), subtropical humid (Cf), subtropical dry summer (Cs), subtropical dry winter (Cw) | CG66: 50 | CH66: 180 | CI66: 0.9 | CJ66: 2.5 | CK66: 0.4 | CL66: 0.8 | CM66: Annual shrub | CN66: 5 | CO66: 20 | CP66: Tropical; India/Nigeria commercial; pod yield | CQ66: FAOSTAT QCL; FAO | CR66: 5 | CS66: 3 | CT66: 8 | CU66: 3 | CV66: 4 | CW66: 2 | CX66: 4 | CY66: 20 | CZ66: 6 | DA66: 130 | DB66: 80 | DC66: 250 | DD66: 25 | DE66: 35 | DF66: 20 | DG66: 40 | DH66: 450 | DI66: 100 | DJ66: EXT US South; NSWDPI; LIT — daily picking in peak season | DK66: Vegetables & Legumes | DL66: 75 | DM66: ½ cup cooked okra | DN66: P | DO66: P | DP66: P | DQ66: S | DX66: S | DY66: P | DZ66: Tropical/subtropical QLD/NT — warm-season crop; Oct–Apr | EA66: NH: Jun–Sep (India, Nigeria) | EB66: Short Storage | EC66: Refrigerate; dry or pickle; freeze | ED66: 0 wks – 12 mo | EE66: 3 | EF66: 2–5 days
A67: Yam | B67: Tuber | C67: Mountain Yam Hawaii Raw | D67: 67 | E67: 1.34 | F67: 16.3 | G67: 2.5 | H67: 0.1 | I67: 26 | J67: 0.44 | K67: 12 | L67: 34 | M67: 418 | N67: 13 | O67: 0.27 | P67: 0.11 | Q67: 0.242 | R67: 0.7 | S67: 0 | T67: 0.21 | U67: 2.6 | V67: 0.102 | W67: 0.019 | X67: 0.481 | Y67: 0.179 | Z67: 0 | AA67: 14 | AB67: 936 | AC67: Dioscorea alata | AD67: L. | AE67: Liliopsida:Liliidae:Dioscoreales:Dioscoreaceae | AF67: Dioscorea rubella, Dioscorea atropurpurea Roxb., Dioscorea purpurea Roxb., Dioscorea sativa Del. | AG67: cultivated yam | AH67: cultivated yam, greater yam, white yam, water yam, winged yam, ten-months yam, Malacca yam, Guyana arrowroot, igname, inhame da India, inhame de Coriola', marquesota, cara' de Angola, cara' da Guine', dam, ngaka, pae, ni-parai(Cook I), pua-hi(Cook I), ufi (Cook I), uvi, vutua, ufi, aso'aso, au poto, tafasoa, uvi (Simbo), marihi (Roviana), yam tru (except in Madang Province), ñame de agua, ñame | AI67: poorly suited | AJ67: vine | AK67: climber/scrambler/scadent | AL67: perennial | AM67: 0 | AN67: deciduous, multi stem | AO67: roots/tubers, environmental | AP67: roots/tubers | AQ67: grown on large scale, grown on small scale | AR67: 20 | AS67: 32 | AT67: 14 | AU67: 40 | AV67: 1200 | AW67: 4000 | AX67: 700 | AY67: 8000 | AZ67: 5.5 | BA67: 6.5 | BB67: 4.8 | BC67: 8.5 | BD67: 0 | BE67: 0 | BF67: 30 | BG67: 40 | BH67: 2500 | BI67: very bright | BJ67: clear skies | BK67: very bright | BL67: light shade | BM67: deep (>>150 cm) | BN67: medium (50-150 cm) | BO67: medium, light | BP67: medium, light | BQ67: high | BR67: moderate | BS67: 0 | BT67: 0 | BU67: low (<4 dS/m) | BV67: low (<4 dS/m) | BW67: well (dry spells) | BX67: well (dry spells) | BY67: -2 | BZ67: 9 | CA67: short day (<12 hours) | CB67: tropical wet & dry (Aw), tropical wet (Ar), subtropical humid (Cf), subtropical dry summer (Cs) | CC67: 0 | CD67: 0 | CE67: 0 | CF67: 0 | CG67: 220 | CH67: 300 | CI67: 0.3 | CJ67: 0.5 | CK67: 2 | CL67: 5 | CM67: Climbing vine; height of support; spread = vine length | CN67: 5 | CO67: 25 | CP67: Tuber yield; Nigeria/West Africa dominant | CQ67: FAOSTAT QCL | CR67: 10 | CS67: 10 | CT67: 15 | CU67: 3 | CV67: 3 | CW67: 5 | CX67: 3 | CY67: 20 | CZ67: 8 | DA67: 250 | DB67: 200 | DC67: 400 | DD67: 25 | DE67: 25 | DF67: 50 | DG67: 30 | DH67: 500 | DI67: 150 | DJ67: FAO West Africa; CGIAR — staking, mounding, very labour-intensive | DK67: Vegetables & Legumes | DL67: 75 | DM67: ½ medium yam (~75g); starchy vegetable | DQ67: S | DR67: P | DS67: P | DT67: P | DU67: P | DV67: S | DZ67: Tropical QLD Pacific communities — harvested dry season after die-back; Apr–Sep | EA67: NH: Oct–Jan (Nigeria, West Africa) | EB67: Long Storage | EC67: Cool, dark, dry and ventilated — not cold | ED67: 2–6 months | EE67: 2 | EF67: 2–6 months
A68: Celeriac | B68: Root | C68: Celeriac, peeled, raw | D68: 38.7 | E68: 1.6 | F68: 0.2 | G68: 2.8 | H68: 5.1 | I68: 41 | J68: 0.2 | K68: 22 | L68: 30 | M68: 440 | N68: 21 | O68: 0.5 | R68: 0.7 | S68: 3 | T68: 0.36 | U68: 13 | V68: 0.06 | W68: 0.13 | X68: 0.8 | Y68: 0.16 | Z68: 0 | AA68: 8 | AB68: 3289 | AC68: Apium graveolens var. rapaceum | AD68: L., (Miller) Gaudin | AE68: Magnoliopsida:Rosidae:Apiales:Umbelliferae | AF68: Apium rapaceum | AG68: celeriac | AH68: celeriac, turnip rooted celery, knob celery, céleri-rave, knolselder, wurzelsellerie, knollensellerie, knolselderij, bleekselder | AI68: suitable | AJ68: herb | AK68: prostrate/procumbent/semi-erect, acaulescent (or rosette plants) | AL68: annual, biennial | AM68: COOL | AN68: single stem | AO68: vegetables | AP68: vegetables | AQ68: grown on small scale | AR68: 15 | AS68: 25 | AT68: 7 | AU68: 26 | AV68: 1000 | AW68: 1200 | AX68: 700 | AY68: 1700 | AZ68: 6 | BA68: 6.8 | BB68: 5.3 | BC68: 8.3 | BD68: 35 | BE68: 35 | BF68: 60 | BG68: 60 | BI68: very bright | BJ68: cloudy skies | BK68: very bright | BL68: cloudy skies | BM68: medium (50-150 cm) | BN68: medium (50-150 cm) | BO68: medium, organic | BP68: heavy, medium, light, organic | BQ68: high | BR68: moderate | BU68: low (<4 dS/m) | BV68: medium (4-10 dS/m) | BW68: well (dry spells) | BX68: poorly (saturated >50% of year), well (dry spells) | BY68: -5 | BZ68: -5 | CA68: short day (<12 hours), neutral day (12-14 hours), long day (>14 hours) | CB68: subtropical dry summer (Cs), subtropical dry winter (Cw), temperate oceanic (Do), temperate continental (Dc), temperate with humid winters (Df), temperate with dry winters (Dw), boreal (E) | CG68: 80 | CH68: 270 | CI68: 0.3 | CJ68: 0.8 | CK68: 0.3 | CL68: 0.5 | CM68: Biennial; root vegetable | CN68: 15 | CO68: 50 | CP68: Root yield; EU commercial | CQ68: HDC UK | CR68: 5 | CS68: 5 | CT68: 8 | CU68: 3 | CV68: 3 | CW68: 0 | CX68: 4 | CY68: 8 | CZ68: 6 | DA68: 140 | DB68: 120 | DC68: 250 | DD68: 25 | DE68: 20 | DF68: 0 | DG68: 40 | DH68: 250 | DI68: 100 | DJ68: AHDB HDC; EXT Germany | DK68: Vegetables & Legumes | DL68: 75 | DM68: ½ cup cooked celeriac | DR68: S | DS68: P | DT68: P | DU68: P | DV68: P | DW68: S | DZ68: VIC/TAS/NSW — winter root; May–Oct | EA68: NH: Nov–Feb | EB68: Long Storage | EC68: Cool/moist cellar | ED68: 2–6 months | EE68: 1 | EF68: 2–6 months
A69: Ginger | B69: Rhizome | C69: Ginger, peeled, fresh, raw | D69: 31.5 | E69: 0.8 | F69: 0.4 | G69: 4.8 | H69: 2.8 | I69: 17 | J69: 0.6 | K69: 28 | L69: 34 | M69: 240 | N69: 11 | O69: 0.4 | R69: 0.7 | S69: 6 | T69: 0.26 | U69: 3 | V69: 0.01 | W69: 0.03 | X69: 0.9 | Y69: 0.16 | Z69: 0 | AA69: 11 | AB69: 3052 | AC69: Alpinia galanga | AD69: (L.) Willd. | AE69: Liliopsida:Zingiberidae:Zingiberales:Zingiberaceae | AF69: Languas galanga Stuntz. | AG69: galangal | AH69: galangal, Java galangal, kholanjan, katauk karohini, kha, kha luang, kha ta daeng, kha yuak, kalijan, khulanjan, lenguas, hâu khá, rièng, rièng ãm, rièng nép, seh ae khoei, sa-e choei | AI69: poorly suited | AJ69: herb | AK69: prostrate/procumbent/semi-erect | AL69: perennial | AO69: vegetables, medicinals & aromatic | AP69: vegetables | AQ69: grown on small scale | AR69: 27 | AS69: 32 | AT69: 20 | AU69: 36 | AV69: 2500 | AW69: 3000 | AX69: 2000 | AY69: 3700 | AZ69: 5.5 | BA69: 6.5 | BB69: 5 | BC69: 6.8 | BF69: 20 | BG69: 20 | BH69: 1200 | BI69: clear skies | BJ69: light shade | BK69: very bright | BL69: light shade | BM69: medium (50-150 cm) | BN69: shallow (20-50 cm) | BO69: heavy, medium, light | BP69: heavy, medium, light | BQ69: high | BR69: moderate | BU69: low (<4 dS/m) | BV69: low (<4 dS/m) | BW69: well (dry spells) | BX69: well (dry spells) | CA69: short day (<12 hours) | CB69: tropical wet & dry (Aw), tropical wet (Ar) | CG69: 90 | CH69: 365 | CI69: 0.6 | CJ69: 1.2 | CK69: 0.5 | CL69: 1 | CM69: Rhizomatous herb; clump width | CN69: 8 | CO69: 30 | CP69: Rhizome fresh weight | CQ69: FAOSTAT QCL | CR69: 6 | CS69: 6 | CT69: 10 | CU69: 3 | CV69: 4 | CW69: 0 | CX69: 4 | CY69: 15 | CZ69: 8 | DA69: 150 | DB69: 150 | DC69: 300 | DD69: 30 | DE69: 35 | DF69: 0 | DG69: 40 | DH69: 400 | DI69: 150 | DJ69: NSWDPI; FAO India; LIT | DK69: Vegetables & Legumes | DL69: 75 | DM69: ½ cup cooked ginger; typically condiment (10–20g) | DR69: S | DS69: P | DT69: P | DU69: P | DV69: P | DW69: S | DZ69: Subtropical QLD — planted Nov, harvested May–Oct; peak Jun–Aug | EA69: NH: Oct–Jan (India, China) | EB69: Long Storage | EC69: Cool/dark; freeze; dry or candy | ED69: 2–12 months | EE69: 3 | EF69: 1–3 months
A70: Moringa (Horseradish Tree) | B70: Pod | C70: Drumstick Pods Cooked Boiled Drained With Salt | D70: 36 | E70: 2.09 | F70: 8.18 | G70: 4.2 | H70: 0.19 | I70: 20 | J70: 0.45 | K70: 42 | L70: 49 | M70: 457 | N70: 279 | O70: 0.42 | P70: 0.078 | Q70: 0.241 | R70: 0.7 | S70: 70 | T70: 0 | U70: 97 | V70: 0.046 | W70: 0.068 | X70: 0.59 | Y70: 0.112 | Z70: 0 | AA70: 30 | AB70: 2348 | AC70: Moringa oleifera | AD70: Lam. | AE70: Magnoliopsida:Dilleniidae:Capparales:Moringaceae | AF70: Anoma moringa (L.) Lour., Anoma moringa (Linnaeus) Loureiro, 1970, Hyperanthera moringa (L.) Vahi., Hyperanthera moringa (Linnaeus) Vahl., 1970, Moringa erecta Salisb. (nom illegit.)., 1796, Moringa pterygosperma C.F. Gaertn., 1982, Guilandina moringa L. Standley, 1946, Moringa moringa (L.) Millsp. Standley, 1946, Moringa octogona Stokes. nom illegit., 1812, Moringa parvifolia Noronha. nom. illegit., 1790, Moringa polygona DC. nom. illegit.,1825, Moringa pterygosperma Gaertn. Standley, 1946, Moringa zeylanica Burmann., 1982, Moringa ovalifoliolata Dinter, 1914, Moringa ovalifolia Dinter & Berger, 1987 | AG70: horseradish tree | AH70: horseradish tree, ben oil tree, drumstick tree, clarifier tree, mother's best friend, moringa tree, cabbage tree, benzolive tree, malunggay, zogallagandi, okwe oyibo, mlonge, mzunze, ewe-igbale, meelsakboom, Aleco (Konsogna), Shiferaw (Amargna), Kalan'gi (Hamer-Bena) | AI70: suitable | AJ70: shrub, tree | AK70: erect | AL70: perennial | AM70: 0 | AN70: deciduous, single stem, multi stem | AO70: forage/pasture, fruits & nuts, vegetables, materials, ornamentals/turf, medicinals & aromatic, forest/wood, environmental | AP70: forage/pasture | AQ70: grown on small scale | AR70: 20 | AS70: 35 | AT70: 7 | AU70: 48 | AV70: 700 | AW70: 2200 | AX70: 400 | AY70: 2600 | AZ70: 5.5 | BA70: 7 | BB70: 5 | BC70: 8.5 | BD70: 10 | BE70: 10 | BF70: 20 | BG70: 30 | BH70: 1000 | BI70: very bright | BJ70: clear skies | BK70: very bright | BL70: cloudy skies | BM70: deep (>>150 cm) | BN70: medium (50-150 cm) | BO70: medium, light | BP70: heavy, medium, light | BQ70: moderate | BR70: low | BS70: 0 | BT70: 0 | BU70: low (<4 dS/m) | BV70: low (<4 dS/m) | BW70: well (dry spells) | BX70: well (dry spells), excessive (dry/moderately dry) | BY70: 0 | BZ70: 0 | CA70: short day (<12 hours), neutral day (12-14 hours), long day (>14 hours) | CB70: tropical wet & dry (Aw), steppe or semiarid (Bs), subtropical dry summer (Cs) | CC70: 0 | CD70: 0 | CE70: 0 | CF70: home garden, small scale (manual) | CG70: 210 | CH70: 330 | CI70: 5 | CJ70: 12 | CK70: 3 | CL70: 8 | CM70: Fast-growing tree; often cut back to 2 m | CN70: 2 | CO70: 15 | CP70: Pod/leaf yield; dryland to irrigated tropical | CQ70: FAO; Trees for Life | CR70: 0 | CS70: 0 | CT70: 5 | CU70: 3 | CV70: 3 | CW70: 8 | CX70: 4 | CY70: 20 | CZ70: 8 | DA70: 0 | DB70: 0 | DC70: 40 | DD70: 20 | DE70: 20 | DF70: 80 | DG70: 30 | DH70: 400 | DI70: 100 | DJ70: FAO; Trees for Life; LIT India — leaf strip harvest intensive | DK70: Vegetables & Legumes | DL70: 75 | DM70: ½ cup cooked moringa leaves or pods | DT70: S | DU70: P | DV70: P | DW70: P | DX70: P | DY70: S | DZ70: Tropical QLD/NT — dry season harvest Jul–Dec for pods/leaves | EA70: NH: Mar–Jun (India, SE Asia) | EB70: Year-round Proc. | EC70: Dry leaves as powder | ED70: 0 wks – 12 mo | EE70: 6 | EF70: 2–5 days
A71: Cassava | B71: Root | C71: Cassava, peeled, fresh, raw | D71: 140.3 | E71: 1.1 | F71: 0.2 | G71: 30.4 | H71: 4.6 | I71: 20 | J71: 0.8 | K71: 11 | L71: 27 | M71: 270 | N71: 2 | O71: 2.35 | R71: 0.7 | S71: 68 | T71: 0.19 | U71: 40 | V71: 0.16 | W71: 0.02 | X71: 0.6 | Y71: 0.09 | Z71: 0 | AA71: 27 | AB71: 1420 | AC71: Manihot esculenta | AD71: Crantz | AE71: Magnoliopsida:Dilleniidae:Euphorbiales:Euphorbiaceae | AF71: Manihot utilissima Pohl, Janipha manihot (L.) Kunth, Jatropha manihot L., Manihot aipi Pohl, Manihot dulcis (J. F. Gmelin) Pax, Manihot manihot (L.) Cockerell, Manihot melanobasis Muell. Arg. | AG71: cassava | AH71: cassava, tapioca plant, manihot, manioc, maniok, cassave, mandioca, macaxeira (sweet varieties), yuca, aipim (Brazil), mushu, tapioka, pondu, saka-saka, yautia | AI71: poorly suited | AJ71: shrub | AK71: erect | AL71: perennial | AO71: roots/tubers | AP71: roots/tubers | AQ71: grown on large scale | AR71: 20 | AS71: 29 | AT71: 10 | AU71: 35 | AV71: 1000 | AW71: 1500 | AX71: 500 | AY71: 5000 | AZ71: 5.5 | BA71: 8 | BB71: 4 | BC71: 9 | BF71: 25 | BG71: 30 | BH71: 2000 | BI71: very bright | BJ71: very bright | BK71: very bright | BL71: cloudy skies | BM71: medium (50-150 cm) | BN71: medium (50-150 cm) | BO71: medium, light | BP71: heavy, medium, light, organic | BQ71: moderate | BR71: low | BU71: low (<4 dS/m) | BV71: low (<4 dS/m) | BW71: well (dry spells) | BX71: well (dry spells), excessive (dry/moderately dry) | BY71: 7 | BZ71: 0 | CA71: short day (<12 hours), neutral day (12-14 hours) | CB71: tropical wet & dry (Aw), tropical wet (Ar), steppe or semiarid (Bs) | CG71: 180 | CH71: 365 | CI71: 1.5 | CJ71: 4 | CK71: 0.8 | CL71: 2 | CM71: Shrub; root crop | CN71: 5 | CO71: 40 | CP71: Root (same as vegetable section) | CQ71: FAOSTAT QCL | CR71: 8 | CS71: 8 | CT71: 15 | CU71: 2 | CV71: 3 | CW71: 0 | CX71: 2 | CY71: 15 | CZ71: 10 | DA71: 180 | DB71: 150 | DC71: 400 | DD71: 20 | DE71: 25 | DF71: 0 | DG71: 20 | DH71: 450 | DI71: 200 | DJ71: CGIAR IITA; FAO; LIT (Ibarrola-Rivas) — root digging very intensive | DK71: Vegetables & Legumes | DL71: 75 | DM71: ½ medium serve cooked cassava (~75g); starchy veg | DP71: S | DQ71: P | DR71: P | DS71: P | DT71: P | DU71: P | DV71: S | DZ71: Tropical QLD/NT — year-round harvest; peak dry season Apr–Sep | EA71: NH tropical: year-round | EB71: Short Storage | EC71: Leave in ground; dry as flour | ED71: 0 wks – 18 mo | EE71: 8 | EF71: 2–4 days
A72: Turnip | B72: Root | C72: Turnips | D72: 28 | E72: 0.9 | F72: 6.43 | G72: 1.8 | H72: 0.1 | I72: 30 | J72: 0.3 | K72: 11 | L72: 27 | M72: 191 | N72: 67 | O72: 0.27 | P72: 0.085 | Q72: 0.134 | R72: 0.7 | S72: 0 | T72: 0.03 | U72: 21 | V72: 0.04 | W72: 0.03 | X72: 0.4 | Y72: 0.09 | Z72: 0 | AA72: 15 | AB72: 0 | AC72: 0 | AD72: 0 | AE72: 0 | AF72: 0 | AG72: 0 | AH72: 0 | AI72: 0 | AJ72: 0 | AK72: 0 | AL72: 0 | AM72: 0 | AN72: 0 | AO72: 0 | AP72: 0 | AQ72: 0 | AR72: 0 | AS72: 0 | AT72: 0 | AU72: 0 | AV72: 0 | AW72: 0 | AX72: 0 | AY72: 0 | AZ72: 0 | BA72: 0 | BB72: 0 | BC72: 0 | BD72: 0 | BE72: 0 | BF72: 0 | BG72: 0 | BH72: 0 | BI72: 0 | BJ72: 0 | BK72: 0 | BL72: 0 | BM72: 0 | BN72: 0 | BO72: 0 | BP72: 0 | BQ72: 0 | BR72: 0 | BS72: 0 | BT72: 0 | BU72: 0 | BV72: 0 | BW72: 0 | BX72: 0 | BY72: 0 | BZ72: 0 | CA72: 0 | CB72: 0 | CC72: 0 | CD72: 0 | CE72: 0 | CF72: 0 | CG72: 0 | CH72: 0 | CI72: 0.3 | CJ72: 0.6 | CK72: 0.2 | CL72: 0.4 | CM72: Annual/biennial root vegetable | CN72: 15 | CO72: 60 | CP72: Root yield; UK/EU commercial | CQ72: HDC UK; FAOSTAT | CR72: 4 | CS72: 2 | CT72: 5 | CU72: 2 | CV72: 2 | CW72: 0 | CX72: 2 | CY72: 5 | CZ72: 3 | DA72: 120 | DB72: 50 | DC72: 160 | DD72: 20 | DE72: 15 | DF72: 0 | DG72: 20 | DH72: 220 | DI72: 60 | DJ72: AHDB HDC; LIT | DK72: Vegetables & Legumes | DL72: 75 | DM72: ½ cup cooked turnip | DQ72: S | DR72: P | DS72: P | DT72: P | DU72: P | DV72: P | DW72: S | DZ72: Cool-season root; VIC/NSW/SA — Apr–Oct | EA72: NH: Oct–Mar (Japan, UK) | EB72: Long Storage | EC72: Cool/moist cellar or leave in ground | ED72: 2–5 months | EE72: 1 | EF72: 1–5 months
A73: Artichoke (Jerusalem) | B73: Tuber | C73: Artichoke, jerusalem, peeled, raw | D73: 58.6 | E73: 2.1 | F73: 0.1 | G73: 10.5 | H73: 3 | I73: 20 | J73: 0.9 | K73: 11 | L73: 78 | M73: 520 | N73: 5 | O73: 0.3 | R73: 0.7 | S73: 3 | T73: 0.19 | U73: 7 | V73: 0.09 | W73: 0.08 | X73: 0.9 | Y73: 0.08 | Z73: 0 | AA73: 13 | AB73: 1193 | AC73: Helianthus tuberosus | AD73: L. | AE73: Magnoliopsida:Asteridae:Asterales:Compositae | AG73: Jerusalem artichoke | AH73: Jerusalem artichoke, earth apple, sunchoke, topinambour, girasole, tupinambo, giganteia, girassol batateiro | AI73: suitable | AJ73: herb | AK73: erect | AL73: perennial | AN73: single stem | AO73: roots/tubers, forage/pasture, materials | AP73: roots/tubers | AQ73: grown on large scale | AR73: 15 | AS73: 27 | AT73: 7 | AU73: 30 | AV73: 700 | AW73: 1500 | AX73: 300 | AY73: 2000 | AZ73: 6 | BA73: 6.6 | BB73: 4.5 | BC73: 8.3 | BD73: 20 | BF73: 50 | BG73: 50 | BH73: 3600 | BI73: clear skies | BJ73: clear skies | BK73: very bright | BL73: cloudy skies | BM73: medium (50-150 cm) | BO73: medium, organic | BP73: heavy, medium, light | BQ73: moderate | BU73: low (<4 dS/m) | BV73: low (<4 dS/m) | BW73: well (dry spells) | BX73: well (dry spells), excessive (dry/moderately dry) | CA73: short day (<12 hours) | CB73: tropical wet & dry (Aw), steppe or semiarid (Bs), subtropical humid (Cf), subtropical dry summer (Cs), subtropical dry winter (Cw), temperate oceanic (Do), temperate continental (Dc), temperate with humid winters (Df), temperate with dry winters (Dw) | CG73: 80 | CH73: 150 | CI73: 1.5 | CJ73: 3.5 | CK73: 0.5 | CL73: 1 | CM73: Perennial herb; spreading via tubers | CN73: 15 | CO73: 45 | CP73: Tuber yield; easy-to-grow perennial | CQ73: FAO; USDA | CR73: 5 | CS73: 3 | CT73: 5 | CU73: 2 | CV73: 2 | CW73: 0 | CX73: 2 | CY73: 8 | CZ73: 5 | DA73: 140 | DB73: 80 | DC73: 150 | DD73: 20 | DE73: 15 | DF73: 0 | DG73: 20 | DH73: 300 | DI73: 80 | DJ73: EXT; AHDB; LIT | DK73: Vegetables & Legumes | DL73: 75 | DM73: ½ medium Jerusalem artichoke (~75g) | DR73: S | DS73: P | DT73: P | DU73: P | DV73: S | DZ73: VIC/NSW/TAS — harvested after die-back; late autumn–winter | EA73: NH: Nov–Mar | EB73: Long Storage | EC73: Leave in ground; or cool/moist cellar | ED73: 2–6 months | EE73: 1 | EF73: 0–3 months
A74: Fennel | B74: Bulb | C74: Fennel, fresh, raw | D74: 22 | E74: 1 | F74: 0.1 | G74: 3.3 | H74: 1.8 | I74: 20 | J74: 0.1 | K74: 10 | L74: 50 | M74: 280 | N74: 38 | O74: 0.1 | R74: 0.7 | S74: 0 | T74: 0.58 | U74: 9 | V74: 0.03 | W74: 0.03 | X74: 0.1 | Y74: 0.05 | Z74: 0 | AA74: 27 | AB74: 1107 | AC74: Foeniculum vulgare | AD74: Mill. | AE74: Magnoliopsida:Rosidae:Apiales:Umbelliferae | AF74: Anethum foeniculum L., Foeniculum officinale All., Foeniculum capillaceum Gilib., Meum foeniculum Spreng. | AG74: fennel | AH74: fennel, sweet fennel, fennel seed, fenouil sucre, fenouil, Fenchel, vinkel, saunf, badian, raz, hinojo, faenkål, shamar, venkel, finocchio, Aetheroleum foeniculi, Aqua foeniculi, Foeniculi fructus, funcho, fyenkhel', uikyo, hui-hsiang, ensilal, kamuni (Galinya), insilali (Galinya) | AI74: suitable | AJ74: herb | AK74: erect | AL74: biennial, perennial | AN74: single stem | AO74: vegetables, materials, medicinals & aromatic | AP74: vegetables | AQ74: grown on large scale | AR74: 15 | AS74: 25 | AT74: 6 | AU74: 32 | AV74: 700 | AW74: 1500 | AX74: 300 | AY74: 2600 | AZ74: 6.5 | BA74: 7.5 | BB74: 4.8 | BC74: 8.2 | BF74: 45 | BG74: 45 | BH74: 2500 | BI74: very bright | BJ74: very bright | BK74: very bright | BL74: clear skies | BM74: medium (50-150 cm) | BN74: shallow (20-50 cm) | BO74: medium | BP74: heavy, medium, light | BQ74: high | BR74: moderate | BU74: low (<4 dS/m) | BV74: low (<4 dS/m) | BW74: well (dry spells) | BX74: well (dry spells) | BY74: -5 | BZ74: -2 | CA74: long day (>14 hours) | CB74: tropical wet & dry (Aw), steppe or semiarid (Bs), subtropical dry summer (Cs), temperate oceanic (Do), temperate continental (Dc), temperate with humid winters (Df), temperate with dry winters (Dw) | CF74: home garden, large scale/commercial | CG74: 30 | CH74: 110 | CI74: 0.9 | CJ74: 2 | CK74: 0.4 | CL74: 0.8 | CM74: Perennial herb; Florence fennel shorter | CN74: 10 | CO74: 35 | CP74: Bulb yield; Italy/France commercial | CQ74: FAOSTAT QCL | CR74: 5 | CS74: 5 | CT74: 6 | CU74: 3 | CV74: 3 | CW74: 0 | CX74: 4 | CY74: 10 | CZ74: 5 | DA74: 130 | DB74: 120 | DC74: 200 | DD74: 25 | DE74: 25 | DF74: 0 | DG74: 40 | DH74: 280 | DI74: 80 | DJ74: EXT Italy; NSWDPI; LIT | DK74: Vegetables & Legumes | DL74: 75 | DM74: ½ cup cooked or raw fennel bulb | DQ74: S | DR74: P | DS74: P | DT74: P | DU74: P | DV74: P | DW74: S | DZ74: Cool-season VIC/SA/NSW — autumn–spring; Apr–Oct | EA74: NH: Oct–Mar (Italy, France) | EB74: Short Storage | EC74: Refrigerate; dry seeds | ED74: 1 wks – 1 mo | EE74: 2 | EF74: 1–3 weeks
A75: Cabbage (Red) | B75: Leaf | C75: Cabbage, red, raw | D75: 30.6 | E75: 2.2 | F75: 0.3 | G75: 3.2 | H75: 3.1 | I75: 35 | J75: 0.6 | K75: 14 | L75: 30 | M75: 450 | N75: 16 | O75: 0.3 | R75: 0.6 | S75: 1 | T75: 0.11 | U75: 65 | V75: 0.09 | W75: 0.13 | X75: 0.5 | Y75: 0.21 | Z75: 0 | AA75: 57 | AB75: 554 | AC75: Brassica oleracea var. capitata | AD75: L. [Alef.] | AE75: Magnoliopsida:Dilleniidae:Capparales:Cruciferae | AF75: Brassica capitata hort., Brassica oleracae var bullata (Savoy cabbage), Brassica oleracea var capitata sabauda (Savoy cabb | AG75: cabbage | AH75: cabbage, Shetland cabbage, Savoy cabbage, white cabbage, red cabbage, chou (Fr), repollo (Spanish), cavolo (Italian), kraut (German), kapeti kovu (Fiji), kapisi palangi (Tuvalu), kapisi, kebis | AI75: suitable | AJ75: herb | AK75: acaulescent (or rosette plants) | AL75: biennial | AN75: single stem | AO75: vegetables | AP75: vegetables | AQ75: grown on small scale | AR75: 15 | AS75: 24 | AT75: 7 | AU75: 32 | AV75: 500 | AW75: 1000 | AX75: 300 | AY75: 2500 | AZ75: 6 | BA75: 7.5 | BB75: 5 | BC75: 8.3 | BD75: 35 | BF75: 55 | BG75: 60 | BH75: 2000 | BI75: clear skies | BJ75: clear skies | BK75: very bright | BL75: light shade | BM75: shallow (20-50 cm) | BN75: shallow (20-50 cm) | BO75: medium, organic | BP75: heavy, medium, light | BQ75: high | BR75: moderate | BU75: low (<4 dS/m) | BV75: low (<4 dS/m) | BW75: well (dry spells) | BX75: well (dry spells) | BY75: -10 | BZ75: -1 | CA75: neutral day (12-14 hours), long day (>14 hours) | CB75: tropical wet & dry (Aw), tropical wet (Ar), desert or arid (Bw), steppe or semiarid (Bs), subtropical humid (Cf), subtropical dry summer (Cs), subtropical dry winter (Cw), temperate oceanic (Do), temperate continental (Dc), temperate with humid winters (Df), temperate with dry winters (Dw) | CG75: 60 | CH75: 200 | CI75: 0.3 | CJ75: 0.7 | CK75: 0.4 | CL75: 0.8 | CM75: Annual/biennial brassica | CN75: 20 | CO75: 60 | CP75: Head weight; EU/China production | CQ75: FAOSTAT QCL | CR75: 5 | CS75: 5 | CT75: 6 | CU75: 3 | CV75: 4 | CW75: 0 | CX75: 4 | CY75: 8 | CZ75: 5 | DA75: 140 | DB75: 120 | DC75: 200 | DD75: 25 | DE75: 30 | DF75: 0 | DG75: 40 | DH75: 280 | DI75: 100 | DJ75: AHDB HDC; LIT | DK75: Vegetables & Legumes | DL75: 75 | DM75: 1 cup raw or ½ cup cooked red cabbage | DR75: S | DS75: P | DT75: P | DU75: P | DV75: P | DW75: S | DZ75: Cool-season VIC/NSW/TAS — Jun–Oct | EA75: NH: Nov–Feb (Europe) | EB75: Long Storage | EC75: Cool cellar; pickle or ferment | ED75: 2–6 months | EE75: 3 | EF75: 1–6 months
A76: Sweet Potato | B76: Tuber | C76: Sweet Potatoes | D76: 86 | E76: 1.57 | F76: 20.12 | G76: 3 | H76: 0.05 | I76: 30 | J76: 0.61 | K76: 25 | L76: 47 | M76: 337 | N76: 55 | O76: 0.3 | P76: 0.151 | Q76: 0.258 | R76: 0.6 | S76: 14187 | T76: 0.26 | U76: 2.4 | V76: 0.078 | W76: 0.061 | X76: 0.557 | Y76: 0.209 | Z76: 0 | AA76: 11 | AB76: 0 | AC76: 0 | AD76: 0 | AE76: 0 | AF76: 0 | AG76: 0 | AH76: 0 | AI76: 0 | AJ76: 0 | AK76: 0 | AL76: 0 | AM76: 0 | AN76: 0 | AO76: 0 | AP76: 0 | AQ76: 0 | AR76: 0 | AS76: 0 | AT76: 0 | AU76: 0 | AV76: 0 | AW76: 0 | AX76: 0 | AY76: 0 | AZ76: 0 | BA76: 0 | BB76: 0 | BC76: 0 | BD76: 0 | BE76: 0 | BF76: 0 | BG76: 0 | BH76: 0 | BI76: 0 | BJ76: 0 | BK76: 0 | BL76: 0 | BM76: 0 | BN76: 0 | BO76: 0 | BP76: 0 | BQ76: 0 | BR76: 0 | BS76: 0 | BT76: 0 | BU76: 0 | BV76: 0 | BW76: 0 | BX76: 0 | BY76: 0 | BZ76: 0 | CA76: 0 | CB76: 0 | CC76: 0 | CD76: 0 | CE76: 0 | CF76: 0 | CG76: 0 | CH76: 0 | CI76: 0.3 | CJ76: 0.5 | CK76: 1.5 | CL76: 4 | CM76: Trailing vine; spread on ground | CN76: 5 | CO76: 40 | CP76: Low: Africa subsistence; High: China commercial | CQ76: FAOSTAT QCL | CR76: 6 | CS76: 8 | CT76: 8 | CU76: 2 | CV76: 3 | CW76: 0 | CX76: 3 | CY76: 10 | CZ76: 5 | DA76: 160 | DB76: 200 | DC76: 250 | DD76: 25 | DE76: 25 | DF76: 0 | DG76: 30 | DH76: 350 | DI76: 100 | DJ76: EXT North Carolina; NSWDPI; LIT | DK76: Vegetables & Legumes | DL76: 75 | DM76: ½ medium sweet potato (~75g); starchy vegetable | DO76: S | DP76: P | DQ76: P | DR76: P | DS76: S | DZ76: QLD (Bundaberg/South East QLD) — warm-season; harvested autumn Feb–Jun | EA76: NH: Sep–Nov (USA, China) | EB76: Long Storage | EC76: Cure then cool/dry/dark shed | ED76: 3–9 months | EE76: 2 | EF76: 2–9 months
A77: Sugar Apple | B77: Fruit | C77: Sugar Apples | D77: 94 | E77: 2.06 | F77: 23.64 | G77: 4.4 | H77: 0.29 | I77: 24 | J77: 0.6 | K77: 21 | L77: 32 | M77: 247 | N77: 9 | O77: 0.1 | P77: 0.086 | Q77: 0 | R77: 0.6 | S77: 6 | T77: 0 | U77: 36.3 | V77: 0.11 | W77: 0.113 | X77: 0.883 | Y77: 0.2 | Z77: 0 | AA77: 14 | AB77: 414 | AC77: Annona squamosa | AD77: L. | AE77: Magnoliopsida:Magnoliidae:Magnoliales:Annonaceae | AF77: 0 | AG77: sugar apple | AH77: sugar apple, sweetsop, scaly custard apple, custard apple, zuckerapfel, stachelanone, cherimoya, attier, poreroe cannelle, pomme cannelle, anon, anon de azucar, anona de castilla, fruta do conde, scopappel, kaneelappel, fan-li-chi, sirkaja, sarikaja, atis, ata, luna, meba, sharifa, sarifa, sitaphal, sita pandu, nona sri kaya, bnah nona, seri kaya, tiep baay, tiep, mang cau ta, noinah, manonah, makkhiap, lanang, mak khbieb, na, mang caua ta, qu a na | AI77: suitable | AJ77: shrub, tree | AK77: erect | AL77: perennial | AM77: 0 | AN77: evergreen, deciduous, single stem, multi stem | AO77: fruits & nuts | AP77: fruits & nuts | AQ77: grown on large scale, harvested from wild | AR77: 23 | AS77: 30 | AT77: 11 | AU77: 41 | AV77: 800 | AW77: 1200 | AX77: 570 | AY77: 4000 | AZ77: 7 | BA77: 8 | BB77: 4.3 | BC77: 8.5 | BD77: 0 | BE77: 0 | BF77: 15 | BG77: 25 | BH77: 1000 | BI77: very bright | BJ77: clear skies | BK77: very bright | BL77: cloudy skies | BM77: deep (>>150 cm) | BN77: shallow (20-50 cm) | BO77: medium, light | BP77: heavy, medium, light | BQ77: high | BR77: moderate | BS77: 0 | BT77: 0 | BU77: low (<4 dS/m) | BV77: low (<4 dS/m) | BW77: well (dry spells) | BX77: well (dry spells) | BY77: 0 | BZ77: 0 | CA77: short day (<12 hours) | CB77: tropical wet & dry (Aw), tropical wet (Ar), subtropical dry summer (Cs) | CC77: 0 | CD77: wind | CE77: 0 | CF77: large scale/commercial | CG77: 210 | CH77: 270 | CI77: 3 | CJ77: 8 | CK77: 3 | CL77: 6 | CM77: Small tropical tree | CN77: 5 | CO77: 15 | CP77: Tropical; India/SE Asia | CQ77: FAO | CR77: 0 | CS77: 0 | CT77: 5 | CU77: 3 | CV77: 5 | CW77: 10 | CX77: 4 | CY77: 15 | CZ77: 6 | DA77: 0 | DB77: 0 | DC77: 40 | DD77: 20 | DE77: 35 | DF77: 80 | DG77: 30 | DH77: 300 | DI77: 60 | DJ77: FAO; LIT | DK77: Fruit | DL77: 150 | DM77: 1 cup sugar apple flesh | DN77: S | DO77: P | DP77: P | DQ77: P | DR77: S | DZ77: Subtropical QLD — late summer–autumn; Dec–Apr | EA77: NH: Sep–Dec (India, Caribbean) | EB77: Short Storage | EC77: Room temperature; freeze pulp | ED77: 0–2 weeks | EE77: 3 | EF77: 2–5 days
A78: Guava | B78: Fruit | C78: Guava, Hawaiian, raw | D78: 34.4 | E78: 0.7 | F78: 0.5 | G78: 3.5 | H78: 5.4 | I78: 10 | J78: 0.2 | K78: 12 | L78: 40 | M78: 150 | N78: 4 | O78: 0.1 | R78: 0.6 | S78: 72 | T78: 0.73 | U78: 243 | V78: 0.03 | W78: 0.04 | X78: 1 | Y78: 0.11 | Z78: 0 | AA78: 49 | AB78: 1804 | AC78: Psidium guajava | AD78: L. | AE78: Magnoliopsida:Rosidae:Myrtales:Myrtaceae | AG78: guava | AH78: guava, guayaba, goyave, goyavier, goiaba, goeajaaba, Guave, jambu batu, bayabas, guyabas, trapaek sruk, si da, farang, fa-rahng, ma-kuai, ma-man, oi, kuava, amrut, kautoga, kua'va, zeitun | AI78: suitable | AJ78: shrub, tree | AK78: erect | AL78: perennial | AN78: evergreen, single stem, multi stem | AO78: fruits & nuts, forest/wood, environmental, weed | AP78: fruits & nuts | AQ78: grown on small scale | AR78: 20 | AS78: 33 | AT78: 10 | AU78: 45 | AV78: 1000 | AW78: 3000 | AX78: 400 | AY78: 5000 | AZ78: 5.5 | BA78: 7.5 | BB78: 4 | BC78: 8.5 | BF78: 20 | BG78: 35 | BH78: 2000 | BI78: very bright | BJ78: clear skies | BK78: very bright | BL78: cloudy skies | BM78: medium (50-150 cm) | BN78: shallow (20-50 cm) | BO78: medium, organic | BP78: heavy, medium, light | BQ78: high | BR78: low | BU78: low (<4 dS/m) | BV78: medium (4-10 dS/m) | BW78: well (dry spells) | BX78: poorly (saturated >50% of year), well (dry spells), excessive (dry/moderately dry) | BY78: -5 | BZ78: -1 | CA78: short day (<12 hours) | CB78: tropical wet & dry (Aw), tropical wet (Ar), steppe or semiarid (Bs), subtropical humid (Cf), subtropical dry summer (Cs), subtropical dry winter (Cw) | CE78: can become a weed | CG78: 150 | CH78: 365 | CI78: 3 | CJ78: 10 | CK78: 3 | CL78: 8 | CM78: Tree/large shrub | CN78: 8 | CO78: 40 | CP78: India/SE Asia; commercial managed | CQ78: FAOSTAT QCL | CR78: 0 | CS78: 0 | CT78: 8 | CU78: 4 | CV78: 6 | CW78: 10 | CX78: 5 | CY78: 20 | CZ78: 8 | DA78: 0 | DB78: 0 | DC78: 60 | DD78: 25 | DE78: 40 | DF78: 80 | DG78: 35 | DH78: 400 | DI78: 80 | DJ78: NSWDPI; FAO India; EXT | DK78: Fruit | DL78: 150 | DM78: 1 medium guava | DO78: S | DP78: P | DQ78: P | DR78: P | DS78: S | DZ78: Subtropical QLD/NSW — Feb–Jun; peak Autumn | EA78: NH: Nov–Mar (India, SE Asia) | EB78: Year-round Proc. | EC78: Jam, paste, or freeze | ED78: 1 wks – 12 mo | EE78: 5 | EF78: 1–2 weeks
A79: Breadfruit | B79: Fruit | C79: Breadfruit | D79: 103 | E79: 1.07 | F79: 27.12 | G79: 4.9 | H79: 0.23 | I79: 17 | J79: 0.54 | K79: 25 | L79: 30 | M79: 490 | N79: 2 | O79: 0.12 | P79: 0.084 | Q79: 0.06 | R79: 0.6 | S79: 0 | T79: 0.1 | U79: 29 | V79: 0.11 | W79: 0.03 | X79: 0.9 | Y79: 0.1 | Z79: 0 | AA79: 14 | AB79: 3423 | AC79: Artocarpus altilis | AD79: (Parkinson) Fosberg | AE79: Magnoliopsida:Dilleniidae:Urticales:Moraceae | AF79: Artocarpus incisus (Thunb.) Linnaeus, Artocarpus communis J.R. & G. Forster (1776), Artocarpus camansi Blanco (1837) | AG79: breadfruit | AH79: breadfruit, arbre à pain, fruit a pain, chataignier, fruta de pan, arbor de pan, arbor del pan, pan de pobre, pan de ano, pan de todo el ano, pan de palo, pan de name, topan, tupan, mazapan, castana, marure, castano de Malabar, panapen, pana de pepitas, sukun, kelur, timbul, fruta pao, pao de massa, broodvrucht, broodboom, suku, kulur, kelor, kulor, sa-ke, ulu, kula, uto, uto-sore, kapiak, rimas, kamansi, sakéé, khnaôr sâmloo, khanun-sampalor, sakê | AI79: poorly suited | AJ79: tree | AK79: erect | AL79: perennial | AM79: 0 | AN79: evergreen, semi evergreen, single stem | AO79: fruits & nuts | AP79: fruits & nuts | AQ79: grown on large scale | AR79: 21 | AS79: 33 | AT79: 16 | AU79: 40 | AV79: 1500 | AW79: 3000 | AX79: 1000 | AY79: 3500 | AZ79: 5.5 | BA79: 6.5 | BB79: 4.3 | BC79: 8.7 | BD79: 0 | BE79: 0 | BF79: 17 | BG79: 23 | BH79: 1500 | BI79: very bright | BJ79: light shade | BK79: very bright | BL79: light shade | BM79: deep (>>150 cm) | BN79: shallow (20-50 cm) | BO79: heavy, medium, light, organic | BP79: heavy, medium, light | BQ79: high | BR79: moderate | BS79: 0 | BT79: 0 | BU79: low (<4 dS/m) | BV79: low (<4 dS/m) | BW79: well (dry spells) | BX79: well (dry spells) | BY79: 0 | BZ79: 0 | CA79: short day (<12 hours) | CB79: tropical wet & dry (Aw), tropical wet (Ar) | CC79: 0 | CD79: 0 | CE79: 0 | CF79: 0 | CG79: 300 | CH79: 365 | CI79: 10 | CJ79: 26 | CK79: 8 | CL79: 15 | CM79: Large tropical tree | CN79: 10 | CO79: 50 | CP79: Subsistence to managed; high-yielding tropical tree | CQ79: FAO | CR79: 0 | CS79: 0 | CT79: 5 | CU79: 3 | CV79: 3 | CW79: 5 | CX79: 4 | CY79: 15 | CZ79: 5 | DA79: 0 | DB79: 0 | DC79: 40 | DD79: 15 | DE79: 20 | DF79: 40 | DG79: 30 | DH79: 250 | DI79: 60 | DJ79: FAO Pacific; LIT | DK79: Fruit | DL79: 150 | DM79: 1 cup diced breadfruit | DN79: P | DO79: P | DP79: P | DQ79: S | DX79: S | DY79: P | DZ79: Limited Australian production; tropical FNQ; summer fruiting | EA79: NH tropical: year-round (Pacific Islands) | EB79: Short Storage | EC79: Cool/dry; cook and freeze | ED79: 1 wks – 2 mo | EE79: 4 | EF79: 1–3 weeks
A80: Loquat | B80: Fruit | C80: Loquat, peeled, raw | D80: 29.2 | E80: 1 | F80: 0.2 | G80: 4.9 | H80: 1.7 | I80: 13 | J80: 0.5 | K80: 7 | L80: 27 | M80: 180 | N80: 2 | O80: 0.4 | R80: 0.6 | S80: 86 | T80: 0.1 | U80: 4 | V80: 0.01 | W80: 0.02 | X80: 0.3 | Y80: 0.1 | Z80: 0 | AA80: 14 | AB80: 1002 | AC80: Eriobotrya japonica | AD80: (Thunb.) Lindl. | AE80: Magnoliopsida:Rosidae:Rosales:Rosaceae | AF80: Mespilus japonica Thunb., Photinia japonica, Eryobotria japonica | AG80: loquat | AH80: loquat, Japanese medlar, Japanese plum, neflier du Japon, nispereros, nespolo, Mispel, lokwat, papalaan, ton leap, lokh-wot, pee-pae, ti ba diep, so'n tra nhatban', nhot tay, biwa | AI80: suitable | AJ80: shrub, tree | AK80: erect | AL80: perennial | AN80: single stem, multi stem | AO80: fruits & nuts, medicinals & aromatic | AP80: fruits & nuts | AQ80: grown on small scale | AR80: 21 | AS80: 27 | AT80: 9 | AU80: 36 | AV80: 600 | AW80: 1600 | AX80: 400 | AY80: 4000 | AZ80: 5.5 | BA80: 6.5 | BB80: 4.5 | BC80: 8 | BD80: 20 | BE80: 10 | BF80: 30 | BG80: 40 | BH80: 2400 | BI80: clear skies | BJ80: cloudy skies | BK80: very bright | BL80: cloudy skies | BM80: deep (>>150 cm) | BN80: shallow (20-50 cm) | BO80: medium, light | BP80: heavy, medium, light | BQ80: high | BR80: moderate | BU80: low (<4 dS/m) | BV80: low (<4 dS/m) | BW80: well (dry spells) | BX80: poorly (saturated >50% of year), well (dry spells) | BY80: -10 | BZ80: -1 | CA80: short day (<12 hours), neutral day (12-14 hours), long day (>14 hours) | CB80: tropical wet & dry (Aw), tropical wet (Ar), subtropical humid (Cf), subtropical dry summer (Cs), temperate oceanic (Do) | CG80: 150 | CH80: 210 | CI80: 5 | CJ80: 10 | CK80: 5 | CL80: 8 | CM80: Small tree | CN80: 5 | CO80: 20 | CP80: China/Japan/Mediterranean | CQ80: FAOSTAT QCL | CR80: 0 | CS80: 0 | CT80: 5 | CU80: 3 | CV80: 5 | CW80: 15 | CX80: 4 | CY80: 20 | CZ80: 8 | DA80: 0 | DB80: 0 | DC80: 40 | DD80: 20 | DE80: 35 | DF80: 100 | DG80: 30 | DH80: 350 | DI80: 80 | DJ80: LIT Mediterranean/Japan; EXT | DK80: Fruit | DL80: 150 | DM80: 4–5 medium loquats | DU80: S | DV80: P | DW80: P | DX80: P | DY80: S | DZ80: Subtropical QLD/NSW — spring harvest; Sep–Nov | EA80: NH: Mar–May (Japan, Mediterranean) | EB80: Short Storage | EC80: Refrigerate; jam | ED80: 1 wks – 1 mo | EE80: 6 | EF80: 1–2 weeks
A81: Gooseberry | B81: Fruit | C81: Gooseberries | D81: 44 | E81: 0.88 | F81: 10.18 | G81: 4.3 | H81: 0.58 | I81: 25 | J81: 0.31 | K81: 10 | L81: 27 | M81: 198 | N81: 1 | O81: 0.12 | P81: 0.07 | Q81: 0.144 | R81: 0.6 | S81: 290 | T81: 0.37 | U81: 27.7 | V81: 0.04 | W81: 0.03 | X81: 0.3 | Y81: 0.08 | Z81: 0 | AA81: 6 | AB81: 9290 | AC81: Ribes uva-crispa | AD81: L. | AE81: Magnoliopsida:Rosidae:Rosales:Grossulariaceae | AF81: Ribes grossularia L. | AG81: gooseberry | AH81: gooseberry, stikkelsbær, stachelbeere | AI81: poorly suited | AJ81: shrub | AK81: erect | AL81: perennial | AM81: 0 | AN81: 0 | AO81: fruits & nuts, medicinals & aromatic | AP81: fruits & nuts | AQ81: grown on large scale | AR81: 15 | AS81: 25 | AT81: 3 | AU81: 40 | AV81: 900 | AW81: 1300 | AX81: 500 | AY81: 1700 | AZ81: 6 | BA81: 7 | BB81: 5 | BC81: 7.5 | BD81: 45 | BE81: 40 | BF81: 55 | BG81: 60 | BH81: 1500 | BI81: very bright | BJ81: clear skies | BK81: very bright | BL81: cloudy skies | BM81: deep (>>150 cm) | BN81: medium (50-150 cm) | BO81: heavy | BP81: heavy, medium | BQ81: high | BR81: moderate | BS81: 0 | BT81: 0 | BU81: low (<4 dS/m) | BV81: low (<4 dS/m) | BW81: well (dry spells) | BX81: well (dry spells) | BY81: -28 | BZ81: 0 | CA81: short day (<12 hours), neutral day (12-14 hours), long day (>14 hours) | CB81: steppe or semiarid (Bs), temperate oceanic (Do), temperate continental (Dc), temperate with humid winters (Df), temperate with dry winters (Dw), boreal (E) | CC81: 0 | CD81: 0 | CE81: 0 | CF81: 0 | CG81: 150 | CH81: 180 | CI81: 0.9 | CJ81: 1.5 | CK81: 0.9 | CL81: 1.5 | CM81: Shrub | CN81: 3 | CO81: 12 | CP81: UK/EU commercial; fresh & processing | CQ81: FAOSTAT QCL | CR81: 0 | CS81: 5 | CT81: 8 | CU81: 3 | CV81: 5 | CW81: 15 | CX81: 4 | CY81: 15 | CZ81: 5 | DA81: 0 | DB81: 60 | DC81: 80 | DD81: 20 | DE81: 35 | DF81: 120 | DG81: 30 | DH81: 350 | DI81: 60 | DJ81: AHDB HDC; LIT | DK81: Fruit | DL81: 150 | DM81: 1 cup gooseberries | DN81: P | DO81: S | DX81: S | DY81: P | DZ81: Cool-climate TAS/VIC/NSW highlands — summer; Nov–Feb | EA81: NH: Jun–Aug (UK, Germany) | EB81: Year-round Proc. | EC81: Freeze or jam | ED81: 1 wks – 12 mo | EE81: 4 | EF81: 2–3 weeks
A82: Radish | B82: Root | C82: Radish, red skinned, unpeeled, raw | D82: 14.8 | E82: 0.8 | F82: 0.2 | G82: 1.9 | H82: 1.1 | I82: 25 | J82: 1.1 | K82: 9 | L82: 20 | M82: 180 | N82: 20 | O82: 0.2 | R82: 0.6 | S82: 2 | T82: 0 | U82: 23 | V82: 0.03 | W82: 0.03 | X82: 0.4 | Y82: 0.07 | Z82: 0 | AA82: 25 | AB82: 1839 | AC82: Raphanus sativus | AD82: Bailey | AE82: Magnoliopsida:Dilleniidae:Capparales:Cruciferae | AG82: radish | AH82: radish, Japanese radish, leafy daikon, daikon | AI82: suitable | AJ82: herb | AK82: erect | AL82: annual | AM82: WARM | AN82: multi stem | AO82: roots/tubers, vegetables | AP82: roots/tubers | AQ82: grown on small scale | AR82: 12 | AS82: 26 | AT82: 10 | AU82: 37 | AV82: 1000 | AW82: 1500 | AX82: 800 | AY82: 2800 | AZ82: 6 | BA82: 7 | BB82: 4.3 | BC82: 8.3 | BI82: clear skies | BJ82: clear skies | BK82: very bright | BL82: cloudy skies | BM82: deep (>>150 cm) | BN82: medium (50-150 cm) | BO82: medium, light | BP82: heavy, medium, light | BQ82: high | BU82: low (<4 dS/m) | BV82: low (<4 dS/m) | BW82: well (dry spells) | BX82: well (dry spells) | CA82: short day (<12 hours), neutral day (12-14 hours), long day (>14 hours) | CB82: tropical wet & dry (Aw), tropical wet (Ar), subtropical humid (Cf), subtropical dry summer (Cs), subtropical dry winter (Cw) | CF82: home garden, small scale (manual) | CG82: 50 | CH82: 80 | CI82: 0.15 | CJ82: 0.4 | CK82: 0.1 | CL82: 0.2 | CM82: Annual root vegetable | CN82: 10 | CO82: 40 | CP82: Root yield; rapid growth; Asia dominant | CQ82: FAOSTAT QCL | CR82: 3 | CS82: 2 | CT82: 4 | CU82: 2 | CV82: 2 | CW82: 0 | CX82: 2 | CY82: 5 | CZ82: 4 | DA82: 100 | DB82: 50 | DC82: 120 | DD82: 15 | DE82: 15 | DF82: 0 | DG82: 20 | DH82: 180 | DI82: 80 | DJ82: EXT; LIT | DK82: Vegetables & Legumes | DL82: 75 | DM82: ½ cup raw radish | DP82: S | DQ82: P | DR82: P | DS82: P | DT82: P | DU82: P | DV82: P | DW82: P | DX82: S | DZ82: Cool-season; available most of year; best Apr–Oct | EA82: NH: Oct–Apr | EB82: Short Storage | EC82: Refrigerate; pickle/ferment | ED82: 1 wks – 2 mo | EE82: 2 | EF82: 0–2 months
A83: Watercress | B83: Leaf | C83: Watercress, raw | D83: 26.3 | E83: 2.9 | F83: 0.4 | G83: 0.8 | H83: 3.8 | I83: 85 | J83: 3 | K83: 23 | L83: 31 | M83: 570 | N83: 48 | O83: 0.7 | R83: 0.6 | S83: 335 | T83: 0.21 | U83: 101 | V83: 0.02 | W83: 0.16 | X83: 0.8 | Y83: 0.06 | Z83: 0 | AA83: 280 | AB83: 1522 | AC83: Nasturtium officinale | AD83: R.Br. | AF83: Sisymbrium nasturtium-aquaticum L., Rorippa nasturtium-aquaticum Hayek, Nasturtium fontanum Asch., Sisymbrium cardaminefolium Gilib | AG83: watercress | AH83: watercress, cresson d'eau, cresson de fontaine, wara kebis, brunnenkresse, agriao de agua, berro | AI83: suitable | AJ83: herb | AL83: perennial | AO83: vegetables, medicinals & aromatic | AP83: vegetables | AQ83: grown on small scale | AR83: 12 | AS83: 17 | AT83: 6 | AU83: 32 | AV83: 1000 | AW83: 2300 | AX83: 300 | AY83: 4200 | AZ83: 6.5 | BA83: 7.5 | BB83: 4.5 | BC83: 8.3 | BH83: 3000 | BI83: very bright | BJ83: very bright | BK83: very bright | BL83: light shade | BM83: shallow (20-50 cm) | BN83: shallow (20-50 cm) | BO83: medium, light | BP83: heavy, medium, light | BQ83: moderate | BR83: low | BU83: low (<4 dS/m) | BV83: low (<4 dS/m) | BW83: poorly (saturated >50% of year) | BX83: poorly (saturated >50% of year), well (dry spells) | BY83: 3 | BZ83: 0 | CA83: neutral day (12-14 hours), long day (>14 hours) | CB83: tropical wet & dry (Aw), tropical wet (Ar), steppe or semiarid (Bs), subtropical humid (Cf), subtropical dry summer (Cs), subtropical dry winter (Cw), temperate oceanic (Do), temperate continental (Dc), temperate with humid winters (Df), temperate with dry winters (Dw) | CG83: 40 | CH83: 80 | CI83: 0.1 | CJ83: 0.5 | CK83: 0.3 | CL83: 0.9 | CM83: Aquatic/semi-aquatic herb | CN83: 8 | CO83: 30 | CP83: Aquatic; UK commercial springs; multiple cuts | CQ83: HDC UK | CR83: 3 | CS83: 3 | CT83: 5 | CU83: 2 | CV83: 3 | CW83: 0 | CX83: 8 | CY83: 15 | CZ83: 8 | DA83: 80 | DB83: 80 | DC83: 150 | DD83: 20 | DE83: 25 | DF83: 0 | DG83: 80 | DH83: 300 | DI83: 120 | DJ83: AHDB HDC watercress; LIT — aquatic system management | DK83: Vegetables & Legumes | DL83: 75 | DM83: 1 cup raw watercress | DP83: S | DQ83: P | DR83: P | DS83: P | DT83: P | DU83: P | DV83: P | DW83: S | DX83: S | DZ83: Cool springs/streams; VIC/NSW/TAS — best quality cool months; Apr–Oct | EA83: NH: Oct–Mar (UK) | EB83: Fresh Only | EC83: Refrigerate in water | ED83: 0–1 weeks | EE83: 0 | EF83: 2–5 days
A84: Prickly Pear | B84: Fruit | C84: Prickly pear, peeled, raw | D84: 48.8 | E84: 0.4 | F84: 0.3 | G84: 8.8 | H84: 4.6 | I84: 48 | J84: 0.4 | K84: 29 | L84: 24 | M84: 190 | N84: 1 | O84: 0.6 | R84: 0.6 | S84: 8 | T84: 0.54 | U84: 18 | V84: 0.02 | W84: 0.04 | X84: 0.4 | Y84: 0.06 | Z84: 0 | AA84: 6 | AB84: 8094 | AC84: Opuntia ficus-indica | AD84: (L.) Miller | AE84: Magnoliopsida:Caryophyllidae:Caryophyllales:Cactaceae | AF84: Opuntia ficus indica | AG84: cactus pear | AH84: cactus pear, prickly pear, fico d'india, turksvy | AI84: poorly suited | AJ84: shrub | AK84: erect | AL84: perennial | AN84: evergreen, multi stem, CAM photosynthesis | AO84: fruits & nuts | AP84: fruits & nuts | AQ84: grown on small scale | AR84: 18 | AS84: 26 | AT84: 10 | AU84: 30 | AV84: 700 | AW84: 1300 | AX84: 300 | AY84: 1700 | AZ84: 7 | BA84: 7.5 | BB84: 6.5 | BC84: 8.2 | BI84: very bright | BJ84: clear skies | BK84: very bright | BL84: cloudy skies | BM84: medium (50-150 cm) | BN84: shallow (20-50 cm) | BO84: medium, light | BP84: medium, light | BQ84: moderate | BR84: low | BU84: low (<4 dS/m) | BV84: low (<4 dS/m) | BW84: well (dry spells), excessive (dry/moderately dry) | BX84: well (dry spells), excessive (dry/moderately dry) | CA84: short day (<12 hours) | CB84: steppe or semiarid (Bs), subtropical dry summer (Cs) | CG84: 140 | CH84: 270 | CI84: 1 | CJ84: 5 | CK84: 1 | CL84: 4 | CM84: Succulent shrub | CN84: 5 | CO84: 30 | CP84: Mexico; dual-use fruit & vegetable (nopal) | CQ84: FAO; FAOSTAT | CR84: 0 | CS84: 3 | CT84: 4 | CU84: 2 | CV84: 3 | CW84: 5 | CX84: 3 | CY84: 15 | CZ84: 10 | DA84: 0 | DB84: 40 | DC84: 30 | DD84: 10 | DE84: 20 | DF84: 40 | DG84: 20 | DH84: 300 | DI84: 150 | DJ84: FAO Mexico; LIT — thorn removal makes harvest/processing intensive | DK84: Fruit | DL84: 150 | DM84: 2 medium prickly pears | DN84: S | DO84: P | DP84: P | DQ84: P | DR84: S | DZ84: Arid SA/NSW/QLD regions; late summer–autumn; invasive species managed | EA84: NH: Aug–Oct (Mexico, Mediterranean) | EB84: Short Storage | EC84: Refrigerate; syrup or jam | ED84: 1 wks – 1 mo | EE84: 8 | EF84: 1–3 weeks
A85: Soursop | B85: Fruit | C85: Soursop | D85: 66 | E85: 1 | F85: 16.84 | G85: 3.3 | H85: 0.3 | I85: 14 | J85: 0.6 | K85: 21 | L85: 27 | M85: 278 | N85: 14 | O85: 0.1 | P85: 0.086 | Q85: 0 | R85: 0.6 | S85: 2 | T85: 0.08 | U85: 20.6 | V85: 0.07 | W85: 0.05 | X85: 0.9 | Y85: 0.059 | Z85: 0 | AA85: 14 | AB85: 411 | AC85: Annona muricata | AD85: L. | AE85: Magnoliopsida:Magnoliidae:Magnoliales:Annonaceae | AF85: 0 | AG85: soursop | AH85: soursop, corossol épineux, Stachelannone, zuurzak, guanabana, sirsak, nangka belanda, nangka seberang, durian belanda, durian benggala, durian makkah, saua sap, guayabano, atti, llabanos, tiep banla, tiep barang, khan thalot, khièp thét, thurian-thet, thurian-khaek, rian-nam, mang câù xiê, seremaia, sarifa, talapo fotofoto, sasalapa, 'apeli'initia, apeli'initia, sapsap | AI85: poorly suited | AJ85: tree | AK85: erect | AL85: perennial | AM85: 0 | AN85: evergreen, semi evergreen, single stem | AO85: fruits & nuts, vegetables, medicinals & aromatic, environmental | AP85: fruits & nuts | AQ85: grown on small scale | AR85: 20 | AS85: 30 | AT85: 13 | AU85: 36 | AV85: 1200 | AW85: 2200 | AX85: 800 | AY85: 4200 | AZ85: 5.5 | BA85: 6.5 | BB85: 4.5 | BC85: 8 | BD85: 0 | BE85: 0 | BF85: 20 | BG85: 30 | BH85: 1200 | BI85: very bright | BJ85: clear skies | BK85: very bright | BL85: cloudy skies | BM85: deep (>>150 cm) | BN85: shallow (20-50 cm) | BO85: heavy, medium | BP85: heavy, medium, light | BQ85: moderate | BR85: moderate | BS85: 0 | BT85: 0 | BU85: low (<4 dS/m) | BV85: medium (4-10 dS/m) | BW85: well (dry spells) | BX85: well (dry spells), excessive (dry/moderately dry) | BY85: 0 | BZ85: 0 | CA85: short day (<12 hours), neutral day (12-14 hours), long day (>14 hours) | CB85: tropical wet & dry (Aw), tropical wet (Ar) | CC85: 0 | CD85: 0 | CE85: 0 | CF85: 0 | CG85: 180 | CH85: 365 | CI85: 4 | CJ85: 10 | CK85: 4 | CL85: 8 | CM85: Small tropical tree | CN85: 5 | CO85: 20 | CP85: Caribbean/Brazil; small tree | CQ85: FAO | CR85: 0 | CS85: 0 | CT85: 5 | CU85: 3 | CV85: 5 | CW85: 10 | CX85: 5 | CY85: 15 | CZ85: 6 | DA85: 0 | DB85: 0 | DC85: 40 | DD85: 20 | DE85: 35 | DF85: 80 | DG85: 30 | DH85: 300 | DI85: 60 | DJ85: FAO Caribbean; LIT | DK85: Fruit | DL85: 150 | DM85: 1 cup diced soursop | DN85: P | DO85: P | DP85: S | DX85: S | DY85: P | DZ85: FNQ tropical — limited production; summer fruiting; Nov–Mar | EA85: NH tropical: May–Sep (Caribbean, Brazil) | EB85: Short Storage | EC85: Refrigerate; freeze pulp | ED85: 0–2 weeks | EE85: 3 | EF85: 2–5 days
A86: Mulberry | B86: Fruit | C86: Mulberry, raw | D86: 33.2 | E86: 2.2 | F86: 0.2 | G86: 4.3 | H86: 2.2 | I86: 20 | J86: 0.3 | K86: 12 | L86: 38 | M86: 310 | N86: 6 | O86: 0.2 | R86: 0.6 | S86: 2 | T86: 0.87 | U86: 10 | V86: 0.01 | W86: 0.01 | X86: 0.7 | Y86: 0.05 | Z86: 0 | AA86: 6 | AB86: 2349 | AC86: Morus nigra | AD86: L. | AE86: Magnoliopsida:Dilleniidae:Urticales:Moraceae | AG86: black mulberry | AH86: black mulberry, murier noir, gelso, maulbeerbaum, amoreira preta, mora negra | AI86: suitable | AJ86: tree | AK86: erect | AL86: perennial | AN86: deciduous, single stem | AO86: fruits & nuts, medicinals & aromatic | AP86: fruits & nuts | AQ86: grown on large scale | AR86: 15 | AS86: 25 | AT86: 10 | AU86: 38 | AV86: 700 | AW86: 1500 | AX86: 300 | AY86: 4000 | AZ86: 5.5 | BA86: 7 | BB86: 4.3 | BC86: 8.3 | BD86: 20 | BF86: 40 | BG86: 60 | BH86: 3000 | BI86: very bright | BJ86: very bright | BK86: very bright | BL86: cloudy skies | BM86: medium (50-150 cm) | BN86: shallow (20-50 cm) | BO86: medium | BP86: heavy, medium, light | BQ86: high | BR86: moderate | BU86: low (<4 dS/m) | BV86: low (<4 dS/m) | BW86: well (dry spells) | BX86: well (dry spells) | BY86: -5 | BZ86: -1 | CA86: short day (<12 hours), neutral day (12-14 hours), long day (>14 hours) | CB86: tropical wet & dry (Aw), steppe or semiarid (Bs), subtropical humid (Cf), subtropical dry summer (Cs), subtropical dry winter (Cw), temperate oceanic (Do), temperate continental (Dc) | CG86: 180 | CH86: 330 | CI86: 5 | CJ86: 15 | CK86: 5 | CL86: 12 | CM86: Tree; black mulberry | CN86: 3 | CO86: 20 | CP86: Fruit production; separate from leaf (sericulture) | CQ86: Est. FAO | CR86: 0 | CS86: 0 | CT86: 5 | CU86: 3 | CV86: 4 | CW86: 10 | CX86: 3 | CY86: 20 | CZ86: 5 | DA86: 0 | DB86: 0 | DC86: 40 | DD86: 20 | DE86: 30 | DF86: 80 | DG86: 20 | DH86: 400 | DI86: 60 | DJ86: LIT; EXT — fruit drops; labour to collect | DK86: Fruit | DL86: 150 | DM86: 1 cup mulberries | DN86: S | DW86: S | DX86: P | DY86: P | DZ86: Warm-temperate NSW/VIC/SA — spring–early summer; Oct–Dec | EA86: NH: May–Jul | EB86: Year-round Proc. | EC86: Freeze, jam, or dry | ED86: 0 wks – 12 mo | EE86: 4 | EF86: 1–3 days
A87: Quince | B87: Fruit | C87: Quince, peeled, raw | D87: 57.8 | E87: 0.5 | F87: 0.2 | G87: 11 | H87: 5.2 | I87: 8 | J87: 0.1 | K87: 9 | L87: 17 | M87: 220 | N87: 16 | O87: 0.5 | R87: 0.6 | S87: 8 | T87: 0.2 | U87: 39 | V87: 0.01 | W87: 0.02 | X87: 0.5 | Y87: 0.04 | Z87: 0 | AA87: 3 | AB87: 5117 | AC87: Cydonia oblonga | AD87: Miller | AE87: Magnoliopsida:Rosidae:Rosales:Rosaceae | AG87: quince | AH87: quince, cognassier, coing, quitte, quittebaum, marmeleiro, marmelo, marmelo galego, gamboa, gamboeiro, cidonia, membrillo, membriller | AI87: suitable | AJ87: shrub, tree | AK87: erect | AL87: perennial | AN87: deciduous, single stem, multi stem | AO87: fruits & nuts, materials, medicinals & aromatic | AP87: fruits & nuts | AQ87: grown on small scale | AR87: 10 | AS87: 30 | AT87: 7 | AU87: 35 | AV87: 700 | AW87: 900 | AX87: 500 | AY87: 1100 | AZ87: 6 | BA87: 6.5 | BB87: 5.5 | BC87: 7 | BD87: 30 | BE87: 10 | BF87: 40 | BG87: 55 | BH87: 1000 | BI87: very bright | BJ87: clear skies | BK87: very bright | BL87: cloudy skies | BM87: deep (>>150 cm) | BN87: medium (50-150 cm) | BO87: heavy, medium | BP87: heavy, medium, light | BQ87: moderate | BR87: low | BU87: low (<4 dS/m) | BV87: low (<4 dS/m) | BW87: well (dry spells) | BX87: well (dry spells) | BY87: -25 | BZ87: -1 | CA87: short day (<12 hours) | CB87: tropical wet & dry (Aw), steppe or semiarid (Bs), subtropical dry summer (Cs), temperate oceanic (Do) | CG87: 180 | CH87: 270 | CI87: 3 | CJ87: 7 | CK87: 3 | CL87: 6 | CM87: Small tree | CN87: 5 | CO87: 20 | CP87: Old-world; Turkey/Iran dominant producers | CQ87: FAOSTAT QCL | CR87: 0 | CS87: 0 | CT87: 6 | CU87: 3 | CV87: 5 | CW87: 15 | CX87: 5 | CY87: 20 | CZ87: 6 | DA87: 0 | DB87: 0 | DC87: 60 | DD87: 20 | DE87: 35 | DF87: 120 | DG87: 30 | DH87: 350 | DI87: 60 | DJ87: LIT Mediterranean; EXT | DK87: Fruit | DL87: 150 | DM87: 1 medium quince (cooked) | DP87: S | DQ87: P | DR87: P | DS87: S | DZ87: Cool-temperate VIC/NSW/SA — autumn; Mar–Jun (needs frost to ripen well) | EA87: NH: Oct–Nov (Turkey, Spain, Argentina) | EB87: Long Storage | EC87: Cool cellar; paste or jelly | ED87: 2–5 months | EE87: 5 | EF87: 1–5 months
A88: Onion (Spring) | B88: Leaf/Green | C88: Onion, spring, fresh, raw | D88: 30.4 | E88: 1.7 | F88: 0.2 | G88: 4.6 | H88: 1.9 | I88: 22 | J88: 0.5 | K88: 11 | L88: 37 | M88: 140 | N88: 13 | O88: 0.1 | R88: 0.6 | S88: 104 | T88: 0.55 | U88: 32 | V88: 0.02 | W88: 0.06 | X88: 1.1 | Y88: 0.04 | Z88: 0 | AA88: 6 | AB88: 364 | AC88: Allium cepa | AD88: L. | AE88: Liliopsida:Liliidae:Asparagales:Alliaceae | AF88: Allium ascalonicum L., Cepa rotunda Dod., Allium esculentum Salisb., Allium porrum cepa Rehb. | AG88: onion | AH88: onion, potato onion, shallot, echalote, oignon, cebolla, basal, cebola, cipolla, Zwiebel, Küchenzwiebel, lök, rödlök, løg, rødløg, kepaløk, ruokasipuli, ui, ajuin, mózespecsenye, zsidószalonna, hagyma, vöröshagyma, zöldhagyma, újhagyma (green onion), cibule, ceba, cepo, sercajo, spritajo, uinnean, Bulbus Allii Cepae, uie, luk, cebula jadalna, sogan, pias, kremmídi, laukur, yang-ts'ung, chung, cong, ts'ung, chung tau, ts'ung tau, yang ts'ung, tamanegi, atasuki, wakegi, kalik, piaz, piyaz, varosa, key shinkurt, ponoru, pianj, kesunni, kyet-thun-ni, harili sibul, dungari, yarok, batzal, bawang merah, bawang daun, daun bawang (green leaf), nirulli, khtim slek, khtim kraham, phak bouo, bawang daun (green leaf), ulli, kanda, piaja, ayun, peyaz, ceapã, palandu, lunu, kitunguu, sibuyas, irulli, vengayam, ton hom, hua hom, hanh, lasóna | AI88: poorly suited | AJ88: herb | AK88: erect | AL88: biennial | AO88: vegetables, medicinals & aromatic | AP88: vegetables | AQ88: grown on large scale | AR88: 12 | AS88: 25 | AT88: 4 | AU88: 30 | AV88: 350 | AW88: 600 | AX88: 300 | AY88: 2800 | AZ88: 6 | BA88: 7 | BB88: 4.3 | BC88: 8.3 | BF88: 60 | BG88: 60 | BH88: 2000 | BI88: clear skies | BJ88: clear skies | BK88: cloudy skies | BL88: very bright | BM88: medium (50-150 cm) | BN88: shallow (20-50 cm) | BO88: medium, organic | BP88: wide, organic | BQ88: moderate | BR88: low | BU88: low (<4 dS/m) | BV88: medium (4-10 dS/m) | BW88: well (dry spells) | BX88: well (dry spells) | CA88: short day (<12 hours), neutral day (12-14 hours), long day (>14 hours) | CB88: tropical wet & dry (Aw), tropical wet (Ar), steppe or semiarid (Bs), subtropical humid (Cf), subtropical dry summer (Cs), subtropical dry winter (Cw), temperate oceanic (Do), temperate continental (Dc), temperate with humid winters (Df), temperate with dry winters (Dw) | CF88: home garden, large scale/commercial | CG88: 85 | CH88: 175 | CI88: 0.3 | CJ88: 0.6 | CK88: 0.05 | CL88: 0.15 | CM88: Annual; bunching onion | CN88: 10 | CO88: 40 | CP88: Bunching onion; rapid turnover | CQ88: Est. FAOSTAT | CR88: 4 | CS88: 5 | CT88: 8 | CU88: 2 | CV88: 3 | CW88: 0 | CX88: 3 | CY88: 15 | CZ88: 8 | DA88: 120 | DB88: 120 | DC88: 250 | DD88: 20 | DE88: 25 | DF88: 0 | DG88: 30 | DH88: 350 | DI88: 120 | DJ88: Migration Dialogue 300h/ac; EXT; AHDB | DK88: Vegetables & Legumes | DL88: 75 | DM88: 1 cup raw spring onion (~4–5 stalks) | DN88: P | DO88: P | DP88: P | DQ88: S | DT88: S | DU88: P | DV88: P | DW88: P | DX88: P | DY88: P | DZ88: Available most of year in QLD; peak spring–summer nationally | EA88: NH: Apr–Oct | EB88: Short Storage | EC88: Refrigerate | ED88: 0–2 weeks | EE88: 1 | EF88: 1–2 weeks
A89: Sapodilla | B89: Fruit | C89: Sapodilla | D89: 83 | E89: 0.44 | F89: 19.96 | G89: 5.3 | H89: 1.1 | I89: 21 | J89: 0.8 | K89: 12 | L89: 12 | M89: 193 | N89: 12 | O89: 0.1 | P89: 0.086 | Q89: 0 | R89: 0.6 | S89: 60 | T89: 0 | U89: 14.7 | V89: 0 | W89: 0.02 | X89: 0.2 | Y89: 0.037 | Z89: 0 | AA89: 14 | AB89: 2334 | AC89: Manilkara achras | AD89: (L)van Royen | AE89: Magnoliopsida:Dilleniidae:Sapotales:Sapotaceae | AF89: Achras sapota L., Sapota achras Mill. | AG89: Sapodilla | AH89: Sapodilla, chiku | AI89: poorly suited | AJ89: tree | AK89: erect | AL89: perennial | AM89: 0 | AN89: evergreen, single stem | AO89: fruits & nuts, materials, forest/wood, environmental | AP89: fruits & nuts | AQ89: grown on small scale | AR89: 20 | AS89: 34 | AT89: 11 | AU89: 42 | AV89: 1000 | AW89: 1500 | AX89: 400 | AY89: 2000 | AZ89: 6 | BA89: 7 | BB89: 5.5 | BC89: 8.5 | BD89: 10 | BE89: 0 | BF89: 20 | BG89: 30 | BH89: 2500 | BI89: clear skies | BJ89: cloudy skies | BK89: very bright | BL89: light shade | BM89: deep (>>150 cm) | BN89: shallow (20-50 cm) | BO89: medium | BP89: heavy, medium, light | BQ89: high | BR89: moderate | BS89: 0 | BT89: 0 | BU89: low (<4 dS/m) | BV89: medium (4-10 dS/m) | BW89: well (dry spells) | BX89: well (dry spells) | BY89: -1 | BZ89: -1 | CA89: short day (<12 hours), neutral day (12-14 hours), long day (>14 hours) | CB89: tropical wet & dry (Aw), tropical wet (Ar), steppe or semiarid (Bs) | CC89: coastal salt spray | CD89: 0 | CE89: 0 | CF89: 0 | CG89: 180 | CH89: 365 | CI89: 10 | CJ89: 25 | CK89: 8 | CL89: 15 | CM89: Large tropical tree | CN89: 8 | CO89: 25 | CP89: Tropical; India/SE Asia | CQ89: FAO | CR89: 0 | CS89: 0 | CT89: 5 | CU89: 3 | CV89: 4 | CW89: 8 | CX89: 4 | CY89: 15 | CZ89: 6 | DA89: 0 | DB89: 0 | DC89: 40 | DD89: 20 | DE89: 30 | DF89: 60 | DG89: 30 | DH89: 300 | DI89: 60 | DJ89: FAO; LIT | DK89: Fruit | DL89: 150 | DM89: 1 medium sapodilla | DS89: S | DT89: P | DU89: P | DV89: P | DW89: S | DZ89: FNQ tropical; limited production — winter harvest after cool period | EA89: NH tropical: Mar–Jul (India, Mexico) | EB89: Short Storage | EC89: Room temperature; freeze pulp | ED89: 1 wks – 1 mo | EE89: 2 | EF89: 1–2 weeks
A90: Chilli (Green) | B90: Fruit | C90: Chilli (chili), green, raw | D90: 43.3 | E90: 2.8 | F90: 0.3 | G90: 1 | H90: 12.9 | I90: 12 | J90: 1.6 | K90: 11 | L90: 20 | M90: 280 | N90: 4 | O90: 0.4 | R90: 0.5 | S90: 32 | T90: 0.69 | U90: 128 | V90: 0.07 | W90: 0.08 | X90: 1.4 | Y90: 0.28 | Z90: 0 | AA90: 23 | AB90: 621 | AC90: Capsicum frutescens | AD90: L. | AE90: Magnoliopsida:Asteridae:Solanales:Solanaceae | AG90: cayenne pepper | AH90: cayenne pepper, perennial pepper, pimenton, poivre rouge, cayennepfeffer, kajennepeppar, cayennepepper, pepe di caienna, kayenski pyerets, la-chiao, filfil ahmar, chilli, hot pepper, tabasco pepper, polo, boro ni vavalagi, rokete, brandrissie, mircha, te beneka, polo fifisi, Sili | AI90: suitable | AJ90: sub-shrub | AK90: erect | AL90: perennial | AN90: multi stem | AO90: fruits & nuts | AP90: fruits & nuts | AQ90: grown on small scale | AR90: 18 | AS90: 30 | AT90: 7 | AU90: 40 | AV90: 600 | AW90: 1500 | AX90: 400 | AY90: 2000 | AZ90: 5.5 | BA90: 6.8 | BB90: 4.3 | BC90: 8.3 | BF90: 40 | BG90: 40 | BH90: 2000 | BI90: very bright | BJ90: very bright | BK90: very bright | BL90: cloudy skies | BM90: shallow (20-50 cm) | BN90: shallow (20-50 cm) | BO90: medium, organic | BP90: heavy, medium, light | BQ90: high | BR90: moderate | BU90: low (<4 dS/m) | BW90: well (dry spells) | BX90: well (dry spells) | CA90: short day (<12 hours), neutral day (12-14 hours) | CB90: tropical wet & dry (Aw), tropical wet (Ar), steppe or semiarid (Bs), subtropical humid (Cf), subtropical dry summer (Cs), subtropical dry winter (Cw) | CG90: 120 | CH90: 180 | CI90: 0.5 | CJ90: 1.5 | CK90: 0.4 | CL90: 0.8 | CM90: Annual/short-lived perennial | CN90: 5 | CO90: 30 | CP90: Fresh weight; India/China commercial | CQ90: FAOSTAT QCL | CR90: 5 | CS90: 8 | CT90: 8 | CU90: 4 | CV90: 6 | CW90: 5 | CX90: 5 | CY90: 20 | CZ90: 8 | DA90: 140 | DB90: 180 | DC90: 250 | DD90: 30 | DE90: 50 | DF90: 50 | DG90: 50 | DH90: 450 | DI90: 100 | DJ90: EXT India; NSWDPI; LIT | DK90: Vegetables & Legumes | DL90: 75 | DM90: ½ cup cooked chilli; typically condiment | DN90: P | DO90: P | DP90: P | DQ90: S | DX90: S | DY90: P | DZ90: QLD/NT year-round; NSW summer crop; peak Nov–Mar | EA90: NH: Jul–Oct | EB90: Year-round Proc. | EC90: Freeze, dry, or ferment (hot sauce) | ED90: 1 wks – 24 mo | EE90: 4 | EF90: 1–3 weeks
